16:11:17 INFO    ==============================================================================
16:11:17 INFO    STAGE: build document manifest
16:11:17 INFO    ==============================================================================
16:11:17 INFO      cfg.corpus.root = 'H:\\work\\mygithub\\enterpriseAI-knowledge\\all_documents'
16:11:17 INFO      cfg.corpus.extensions = ('.txt',)
16:11:17 INFO      cfg.corpus.min_file_bytes = 200
16:11:17 INFO      cfg.corpus.max_docs = 600
16:11:17 INFO      cfg.corpus.stratify = True
16:11:17 INFO      cfg.corpus.stratum_depth = 2
16:11:17 INFO      cfg.corpus.min_per_stratum = 3
16:11:17 INFO      cfg.corpus.sampling_seed = 20260829
16:11:17 INFO      cfg.embedding.model_name = 'BAAI/bge-m3'
16:11:17 INFO      cfg.embedding.max_seq_length = 512
16:11:17 INFO      cfg.embedding.body_char_budget = 2000
16:11:17 INFO      cfg.embedding.repeat_title = True
16:11:17 INFO      cfg.embedding.batch_size = 8
16:11:17 INFO      cfg.embedding.use_fp16 = True
16:11:17 INFO      cfg.embedding.device = 'auto'
16:11:17 INFO      cfg.embedding.shard_size = 200
16:11:17 INFO      cfg.matching.include_breadcrumb = True
16:11:17 INFO      cfg.thresholds.gmm_components = 2
16:11:17 INFO      cfg.thresholds.gmm_random_state = 42
16:11:17 INFO      cfg.thresholds.gmm_n_init = 5
16:11:17 INFO      cfg.thresholds.min_component_separation = 1.0
16:11:17 INFO      cfg.thresholds.min_component_weight = 0.05
16:11:17 INFO      cfg.thresholds.fallback_percentile = 30.0
16:11:17 INFO      cfg.thresholds.min_samples_for_gmm = 50
16:11:17 INFO      cfg.thresholds.clamp_low = 0.15
16:11:17 INFO      cfg.thresholds.clamp_high = 0.8
16:11:17 INFO      cfg.discovery.min_pool_size = 5
16:11:17 INFO      cfg.discovery.base_min_cluster_size = 5
16:11:17 INFO      cfg.discovery.min_cluster_size_pool_fraction = 0.01
16:11:17 INFO      cfg.discovery.max_min_cluster_size = 400
16:11:17 INFO      cfg.discovery.metric = 'euclidean'
16:11:17 INFO      cfg.discovery.cluster_selection_method = 'eom'
16:11:17 INFO      cfg.discovery.max_new_nodes_per_parent = 8
16:11:17 INFO      cfg.discovery.representatives_per_cluster = 5
16:11:17 INFO      cfg.discovery.representative_body_chars = 100
16:11:17 INFO      cfg.discovery.max_pool_for_clustering = 20000
16:11:17 INFO      cfg.naming.ollama_host = 'http://localhost:11434'
16:11:17 INFO      cfg.naming.primary_model = 'qwen2.5-coder:7b'
16:11:17 INFO      cfg.naming.comparison_model = 'qwen2.5:3b'
16:11:17 INFO      cfg.naming.comparison_cluster_count = 4
16:11:17 INFO      cfg.naming.temperature = 0.1
16:11:17 INFO      cfg.naming.num_predict = 200
16:11:17 INFO      cfg.naming.request_timeout_s = 180
16:11:17 INFO      cfg.naming.max_retries = 2
16:11:17 INFO    [corpus] scanning H:\work\mygithub\enterpriseAI-knowledge\all_documents ...
16:14:37 INFO    [corpus] found 511887 candidate documents
16:14:37 INFO    [corpus] stratified sampling to max_docs=600 (stratum_depth=2, min_per_stratum=3, seed=20260829)
16:14:38 INFO    [corpus] manifest frozen: 600 documents -> H:\work\mygithub\enterpriseAI-knowledge\kb_classifier_bootstrap\work\manifest.jsonl
16:14:38 INFO    [corpus]   gmail                204
16:14:38 INFO    [corpus]   slack                182
16:14:38 INFO    [corpus]   github                76
16:14:38 INFO    [corpus]   confluence            55
16:14:38 INFO    [corpus]   fireflies             26
16:14:38 INFO    [corpus]   linear                22
16:14:38 INFO    [corpus]   jira                  13
16:14:38 INFO    [corpus]   google_drive          12
16:14:38 INFO    [corpus]   hubspot               10
16:14:38 INFO    [manifest] fingerprint = 5d13ea96b85d6c27d58c7ee72dc95aae
16:14:38 INFO    [manifest] planned shards: 3 at shard_size=200
16:14:48 INFO    ==============================================================================
16:14:48 INFO    STAGE: embedding throughput benchmark
16:14:48 INFO    ==============================================================================
16:14:48 INFO    [embed] manifest: 600 documents, fingerprint=5d13ea96b85d6c27d58c7ee72dc95aae
16:14:49 INFO    [embed] initialised new embedding cache state at H:\work\mygithub\enterpriseAI-knowledge\kb_classifier_bootstrap\work\embeddings\state.json
16:14:49 INFO    [embed] 0/3 shards already complete (0/600 documents, 0.0%)
16:14:49 INFO    [embed] 3 shard(s) remaining (~600 documents)
16:15:12 INFO    [embed] loading BAAI/bge-m3 on cuda (fp16=True) ...
16:15:14 DEBUG   connect_tcp.started host='huggingface.co' port=443 local_address=None timeout=10 socket_options=None
16:15:14 DEBUG   connect_tcp.complete return_value=<httpcore._backends.sync.SyncStream object at 0x000001DFF337C290>
16:15:14 DEBUG   start_tls.started ssl_context=<ssl.SSLContext object at 0x000001DFF331D520> server_hostname='huggingface.co' timeout=10
16:15:14 DEBUG   start_tls.complete return_value=<httpcore._backends.sync.SyncStream object at 0x000001DFF337C410>
16:15:14 DEBUG   send_request_headers.started request=<Request [b'HEAD']>
16:15:14 DEBUG   send_request_headers.complete
16:15:14 DEBUG   send_request_body.started request=<Request [b'HEAD']>
16:15:14 DEBUG   send_request_body.complete
16:15:14 DEBUG   receive_response_headers.started request=<Request [b'HEAD']>
16:15:14 DEBUG   receive_response_headers.complete return_value=(b'HTTP/1.1', 307, b'Temporary Redirect', [(b'Content-Type', b'text/plain; charset=utf-8'), (b'Content-Length', b'228'), (b'Connection', b'keep-alive'), (b'Date', b'Sat, 29 Aug 2026 08:15:14 GMT'), (b'Location', b'/api/resolve-cache/models/BAAI/bge-m3/5617a9f61b028005a4858fdac845db406aefb181/modules.json?%2FBAAI%2Fbge-m3%2Fresolve%2Fmain%2Fmodules.json=&etag=%22952a9b81c0bfd99800fabf352f69c7ccd46c5e43%22'), (b'X-Powered-By', b'huggingface-moon'), (b'X-Request-Id', b'Root=1-6a929512-4e61c4d047c7654e49bb79be;f841a2b2-47b0-4116-bd5e-24a30361d243'), (b'RateLimit', b'"resolvers";r=2999;t=250'), (b'RateLimit-Policy', b'"fixed window";"resolvers";q=3000;w=300'), (b'cross-origin-opener-policy', b'same-origin'), (b'Referrer-Policy', b'strict-origin-when-cross-origin'), (b'Access-Control-Max-Age', b'86400'), (b'Access-Control-Allow-Origin', b'https://huggingface.co'), (b'Vary', b'Origin, Accept'), (b'Access-Control-Expose-Headers', b'X-Repo-Commit,X-Request-Id,X-Error-Code,X-Error-Message,X-Total-Count,ETag,Link,Accept-Ranges,Content-Range,X-Linked-Size,X-Linked-ETag,X-Xet-Hash'), (b'X-Repo-Commit', b'5617a9f61b028005a4858fdac845db406aefb181'), (b'Accept-Ranges', b'bytes'), (b'X-HF-Warning', b'unauthenticated; Warning: You are sending unauthenticated requests to the HF Hub. Please set a HF_TOKEN to enable higher rate limits and faster downloads.'), (b'X-Hub-Cache', b'HIT'), (b'Content-Disposition', b'inline; filename*=UTF-8\'\'modules.json; filename="modules.json";'), (b'Content-Security-Policy', b"default-src 'none'; sandbox"), (b'X-Linked-ETag', b'"952a9b81c0bfd99800fabf352f69c7ccd46c5e43"'), (b'X-Cache', b'Miss from cloudfront'), (b'Via', b'1.1 744a1a944313f4cfdfc83fe056d50e50.cloudfront.net (CloudFront)'), (b'X-Amz-Cf-Pop', b'SIN2-P7'), (b'Alt-Svc', b'h3=":443"; ma=86400'), (b'X-Amz-Cf-Id', b'pBOWj-_K37RNYx2f5jHPsjpNdqwOPRY-gyCgPpZ2rek_OknVMWf0_Q=='), (b'Strict-Transport-Security', b'max-age=31536000')])
16:15:14 INFO    HTTP Request: HEAD https://huggingface.co/BAAI/bge-m3/resolve/main/modules.json "HTTP/1.1 307 Temporary Redirect"
16:15:14 DEBUG   receive_response_body.started request=<Request [b'HEAD']>
16:15:14 DEBUG   receive_response_body.complete
16:15:14 DEBUG   response_closed.started
16:15:14 DEBUG   response_closed.complete
16:15:14 WARNING Warning: You are sending unauthenticated requests to the HF Hub. Please set a HF_TOKEN to enable higher rate limits and faster downloads.
16:15:14 DEBUG   send_request_headers.started request=<Request [b'HEAD']>
16:15:14 DEBUG   send_request_headers.complete
16:15:14 DEBUG   send_request_body.started request=<Request [b'HEAD']>
16:15:14 DEBUG   send_request_body.complete
16:15:14 DEBUG   receive_response_headers.started request=<Request [b'HEAD']>
16:15:14 DEBUG   receive_response_headers.complete return_value=(b'HTTP/1.1', 200, b'OK', [(b'Content-Type', b'text/plain; charset=utf-8'), (b'Content-Length', b'349'), (b'Connection', b'keep-alive'), (b'Date', b'Fri, 19 Jun 2026 02:17:04 GMT'), (b'X-Powered-By', b'huggingface-moon'), (b'X-Request-Id', b'Root=1-6a34a6a0-458fd28b3432a0496c9e0658'), (b'RateLimit', b'"resolvers";r=2997;t=236'), (b'RateLimit-Policy', b'"fixed window";"resolvers";q=3000;w=300'), (b'cross-origin-opener-policy', b'same-origin'), (b'Referrer-Policy', b'strict-origin-when-cross-origin'), (b'Access-Control-Max-Age', b'86400'), (b'Access-Control-Allow-Origin', b'https://huggingface.co'), (b'Access-Control-Expose-Headers', b'X-Repo-Commit,X-Request-Id,X-Error-Code,X-Error-Message,X-Total-Count,ETag,Link,Accept-Ranges,Content-Range,X-Linked-Size,X-Linked-ETag,X-Xet-Hash'), (b'X-Repo-Commit', b'5617a9f61b028005a4858fdac845db406aefb181'), (b'Accept-Ranges', b'bytes'), (b'Content-Disposition', b'inline; filename*=UTF-8\'\'modules.json; filename="modules.json";'), (b'Content-Security-Policy', b"default-src 'none'; sandbox"), (b'ETag', b'"952a9b81c0bfd99800fabf352f69c7ccd46c5e43"'), (b'Vary', b'Origin'), (b'X-Cache', b'Hit from cloudfront'), (b'Via', b'1.1 744a1a944313f4cfdfc83fe056d50e50.cloudfront.net (CloudFront)'), (b'X-Amz-Cf-Pop', b'SIN2-P7'), (b'Alt-Svc', b'h3=":443"; ma=86400'), (b'X-Amz-Cf-Id', b'2G6oubAo5F6KPoE1Z9kVRTRDhf-T_d66LExu6nC4XsDJ8Ah62BYwAA=='), (b'Age', b'6155890'), (b'Strict-Transport-Security', b'max-age=31536000')])
16:15:14 INFO    HTTP Request: HEAD https://huggingface.co/api/resolve-cache/models/BAAI/bge-m3/5617a9f61b028005a4858fdac845db406aefb181/modules.json "HTTP/1.1 200 OK"
16:15:14 DEBUG   receive_response_body.started request=<Request [b'HEAD']>
16:15:14 DEBUG   receive_response_body.complete
16:15:14 DEBUG   response_closed.started
16:15:14 DEBUG   response_closed.complete
16:15:14 DEBUG   send_request_headers.started request=<Request [b'HEAD']>
16:15:14 DEBUG   send_request_headers.complete
16:15:14 DEBUG   send_request_body.started request=<Request [b'HEAD']>
16:15:14 DEBUG   send_request_body.complete
16:15:14 DEBUG   receive_response_headers.started request=<Request [b'HEAD']>
16:15:14 DEBUG   receive_response_headers.complete return_value=(b'HTTP/1.1', 307, b'Temporary Redirect', [(b'Content-Type', b'text/plain; charset=utf-8'), (b'Content-Length', b'270'), (b'Connection', b'keep-alive'), (b'Date', b'Sat, 29 Aug 2026 08:15:14 GMT'), (b'Location', b'/api/resolve-cache/models/BAAI/bge-m3/5617a9f61b028005a4858fdac845db406aefb181/config_sentence_transformers.json?%2FBAAI%2Fbge-m3%2Fresolve%2Fmain%2Fconfig_sentence_transformers.json=&etag=%221fba91c78a6c8e17227058ab6d4d3acb5d8630a9%22'), (b'X-Powered-By', b'huggingface-moon'), (b'X-Request-Id', b'Root=1-6a929512-79e244ed1f1fd7206c2d31cf;d0dd4395-b16f-4adf-a211-09c6db304102'), (b'RateLimit', b'"resolvers";r=2998;t=250'), (b'RateLimit-Policy', b'"fixed window";"resolvers";q=3000;w=300'), (b'cross-origin-opener-policy', b'same-origin'), (b'Referrer-Policy', b'strict-origin-when-cross-origin'), (b'Access-Control-Max-Age', b'86400'), (b'Access-Control-Allow-Origin', b'https://huggingface.co'), (b'Vary', b'Origin, Accept'), (b'Access-Control-Expose-Headers', b'X-Repo-Commit,X-Request-Id,X-Error-Code,X-Error-Message,X-Total-Count,ETag,Link,Accept-Ranges,Content-Range,X-Linked-Size,X-Linked-ETag,X-Xet-Hash'), (b'X-Repo-Commit', b'5617a9f61b028005a4858fdac845db406aefb181'), (b'Accept-Ranges', b'bytes'), (b'X-HF-Warning', b'unauthenticated; Warning: You are sending unauthenticated requests to the HF Hub. Please set a HF_TOKEN to enable higher rate limits and faster downloads.'), (b'X-Hub-Cache', b'HIT'), (b'Content-Disposition', b'inline; filename*=UTF-8\'\'config_sentence_transformers.json; filename="config_sentence_transformers.json";'), (b'Content-Security-Policy', b"default-src 'none'; sandbox"), (b'X-Linked-ETag', b'"1fba91c78a6c8e17227058ab6d4d3acb5d8630a9"'), (b'X-Cache', b'Miss from cloudfront'), (b'Via', b'1.1 744a1a944313f4cfdfc83fe056d50e50.cloudfront.net (CloudFront)'), (b'X-Amz-Cf-Pop', b'SIN2-P7'), (b'Alt-Svc', b'h3=":443"; ma=86400'), (b'X-Amz-Cf-Id', b'mHHGAS94zQ8HG-NsOu_u2A2ScoBnDvcqswCD_HprsuFr54t-JutSbg=='), (b'Strict-Transport-Security', b'max-age=31536000')])
16:15:14 INFO    HTTP Request: HEAD https://huggingface.co/BAAI/bge-m3/resolve/main/config_sentence_transformers.json "HTTP/1.1 307 Temporary Redirect"
16:15:14 DEBUG   receive_response_body.started request=<Request [b'HEAD']>
16:15:14 DEBUG   receive_response_body.complete
16:15:14 DEBUG   response_closed.started
16:15:14 DEBUG   response_closed.complete
16:15:14 DEBUG   send_request_headers.started request=<Request [b'HEAD']>
16:15:14 DEBUG   send_request_headers.complete
16:15:14 DEBUG   send_request_body.started request=<Request [b'HEAD']>
16:15:14 DEBUG   send_request_body.complete
16:15:14 DEBUG   receive_response_headers.started request=<Request [b'HEAD']>
16:15:14 DEBUG   receive_response_headers.complete return_value=(b'HTTP/1.1', 200, b'OK', [(b'Content-Type', b'text/plain; charset=utf-8'), (b'Content-Length', b'123'), (b'Connection', b'keep-alive'), (b'Date', b'Sun, 14 Jun 2026 14:03:07 GMT'), (b'X-Powered-By', b'huggingface-moon'), (b'X-Request-Id', b'Root=1-6a2eb49b-0ed01ab64d311970634c051a;f6215740-f898-47f1-b977-7909507522f4'), (b'RateLimit', b'"resolvers";r=2999;t=221'), (b'RateLimit-Policy', b'"fixed window";"resolvers";q=3000;w=300'), (b'cross-origin-opener-policy', b'same-origin'), (b'Referrer-Policy', b'strict-origin-when-cross-origin'), (b'Access-Control-Max-Age', b'86400'), (b'Access-Control-Allow-Origin', b'https://huggingface.co'), (b'Access-Control-Expose-Headers', b'X-Repo-Commit,X-Request-Id,X-Error-Code,X-Error-Message,X-Total-Count,ETag,Link,Accept-Ranges,Content-Range,X-Linked-Size,X-Linked-ETag,X-Xet-Hash'), (b'X-Repo-Commit', b'5617a9f61b028005a4858fdac845db406aefb181'), (b'Accept-Ranges', b'bytes'), (b'Content-Disposition', b'inline; filename*=UTF-8\'\'config_sentence_transformers.json; filename="config_sentence_transformers.json";'), (b'Content-Security-Policy', b"default-src 'none'; sandbox"), (b'ETag', b'"1fba91c78a6c8e17227058ab6d4d3acb5d8630a9"'), (b'Vary', b'Origin'), (b'X-Cache', b'Hit from cloudfront'), (b'Via', b'1.1 744a1a944313f4cfdfc83fe056d50e50.cloudfront.net (CloudFront)'), (b'X-Amz-Cf-Pop', b'SIN2-P7'), (b'Alt-Svc', b'h3=":443"; ma=86400'), (b'X-Amz-Cf-Id', b'YrCUY56pj7QYvQSfm1cj8Ft4nJ0hbi89gYTgKVSrric9YIJuLvWbZg=='), (b'Age', b'6545527'), (b'Strict-Transport-Security', b'max-age=31536000')])
16:15:14 INFO    HTTP Request: HEAD https://huggingface.co/api/resolve-cache/models/BAAI/bge-m3/5617a9f61b028005a4858fdac845db406aefb181/config_sentence_transformers.json "HTTP/1.1 200 OK"
16:15:14 DEBUG   receive_response_body.started request=<Request [b'HEAD']>
16:15:14 DEBUG   receive_response_body.complete
16:15:14 DEBUG   response_closed.started
16:15:14 DEBUG   response_closed.complete
16:15:14 DEBUG   send_request_headers.started request=<Request [b'HEAD']>
16:15:14 DEBUG   send_request_headers.complete
16:15:14 DEBUG   send_request_body.started request=<Request [b'HEAD']>
16:15:14 DEBUG   send_request_body.complete
16:15:14 DEBUG   receive_response_headers.started request=<Request [b'HEAD']>
16:15:14 DEBUG   receive_response_headers.complete return_value=(b'HTTP/1.1', 307, b'Temporary Redirect', [(b'Content-Type', b'text/plain; charset=utf-8'), (b'Content-Length', b'270'), (b'Connection', b'keep-alive'), (b'Date', b'Sat, 29 Aug 2026 08:15:14 GMT'), (b'Location', b'/api/resolve-cache/models/BAAI/bge-m3/5617a9f61b028005a4858fdac845db406aefb181/config_sentence_transformers.json?%2FBAAI%2Fbge-m3%2Fresolve%2Fmain%2Fconfig_sentence_transformers.json=&etag=%221fba91c78a6c8e17227058ab6d4d3acb5d8630a9%22'), (b'X-Powered-By', b'huggingface-moon'), (b'X-Request-Id', b'Root=1-6a929512-0026f1b83668a6f128898419;f2c6cdb2-4977-479f-bee2-43e66878283d'), (b'RateLimit', b'"resolvers";r=2997;t=250'), (b'RateLimit-Policy', b'"fixed window";"resolvers";q=3000;w=300'), (b'cross-origin-opener-policy', b'same-origin'), (b'Referrer-Policy', b'strict-origin-when-cross-origin'), (b'Access-Control-Max-Age', b'86400'), (b'Access-Control-Allow-Origin', b'https://huggingface.co'), (b'Vary', b'Origin, Accept'), (b'Access-Control-Expose-Headers', b'X-Repo-Commit,X-Request-Id,X-Error-Code,X-Error-Message,X-Total-Count,ETag,Link,Accept-Ranges,Content-Range,X-Linked-Size,X-Linked-ETag,X-Xet-Hash'), (b'X-Repo-Commit', b'5617a9f61b028005a4858fdac845db406aefb181'), (b'Accept-Ranges', b'bytes'), (b'X-HF-Warning', b'unauthenticated; Warning: You are sending unauthenticated requests to the HF Hub. Please set a HF_TOKEN to enable higher rate limits and faster downloads.'), (b'X-Hub-Cache', b'HIT'), (b'Content-Disposition', b'inline; filename*=UTF-8\'\'config_sentence_transformers.json; filename="config_sentence_transformers.json";'), (b'Content-Security-Policy', b"default-src 'none'; sandbox"), (b'X-Linked-ETag', b'"1fba91c78a6c8e17227058ab6d4d3acb5d8630a9"'), (b'X-Cache', b'Miss from cloudfront'), (b'Via', b'1.1 744a1a944313f4cfdfc83fe056d50e50.cloudfront.net (CloudFront)'), (b'X-Amz-Cf-Pop', b'SIN2-P7'), (b'Alt-Svc', b'h3=":443"; ma=86400'), (b'X-Amz-Cf-Id', b'wm1sZ_za94MS-yfzU0ck120YG9ABImrh1DZdBjbsrv6j0kg3Rs3puQ=='), (b'Strict-Transport-Security', b'max-age=31536000')])
16:15:15 INFO    HTTP Request: HEAD https://huggingface.co/BAAI/bge-m3/resolve/main/config_sentence_transformers.json "HTTP/1.1 307 Temporary Redirect"
16:15:15 DEBUG   receive_response_body.started request=<Request [b'HEAD']>
16:15:15 DEBUG   receive_response_body.complete
16:15:15 DEBUG   response_closed.started
16:15:15 DEBUG   response_closed.complete
16:15:15 DEBUG   send_request_headers.started request=<Request [b'HEAD']>
16:15:15 DEBUG   send_request_headers.complete
16:15:15 DEBUG   send_request_body.started request=<Request [b'HEAD']>
16:15:15 DEBUG   send_request_body.complete
16:15:15 DEBUG   receive_response_headers.started request=<Request [b'HEAD']>
16:15:15 DEBUG   receive_response_headers.complete return_value=(b'HTTP/1.1', 200, b'OK', [(b'Content-Type', b'text/plain; charset=utf-8'), (b'Content-Length', b'123'), (b'Connection', b'keep-alive'), (b'Date', b'Sun, 14 Jun 2026 14:03:07 GMT'), (b'X-Powered-By', b'huggingface-moon'), (b'X-Request-Id', b'Root=1-6a2eb49b-0ed01ab64d311970634c051a;f6215740-f898-47f1-b977-7909507522f4'), (b'RateLimit', b'"resolvers";r=2999;t=221'), (b'RateLimit-Policy', b'"fixed window";"resolvers";q=3000;w=300'), (b'cross-origin-opener-policy', b'same-origin'), (b'Referrer-Policy', b'strict-origin-when-cross-origin'), (b'Access-Control-Max-Age', b'86400'), (b'Access-Control-Allow-Origin', b'https://huggingface.co'), (b'Access-Control-Expose-Headers', b'X-Repo-Commit,X-Request-Id,X-Error-Code,X-Error-Message,X-Total-Count,ETag,Link,Accept-Ranges,Content-Range,X-Linked-Size,X-Linked-ETag,X-Xet-Hash'), (b'X-Repo-Commit', b'5617a9f61b028005a4858fdac845db406aefb181'), (b'Accept-Ranges', b'bytes'), (b'Content-Disposition', b'inline; filename*=UTF-8\'\'config_sentence_transformers.json; filename="config_sentence_transformers.json";'), (b'Content-Security-Policy', b"default-src 'none'; sandbox"), (b'ETag', b'"1fba91c78a6c8e17227058ab6d4d3acb5d8630a9"'), (b'Vary', b'Origin'), (b'X-Cache', b'Hit from cloudfront'), (b'Via', b'1.1 744a1a944313f4cfdfc83fe056d50e50.cloudfront.net (CloudFront)'), (b'X-Amz-Cf-Pop', b'SIN2-P7'), (b'Alt-Svc', b'h3=":443"; ma=86400'), (b'X-Amz-Cf-Id', b'1AlOdfrBYjQn7qfFG8GkNTpjh2OCr7DgROxERwOaO2iohszrbUdxDA=='), (b'Age', b'6545527'), (b'Strict-Transport-Security', b'max-age=31536000')])
16:15:15 INFO    HTTP Request: HEAD https://huggingface.co/api/resolve-cache/models/BAAI/bge-m3/5617a9f61b028005a4858fdac845db406aefb181/config_sentence_transformers.json "HTTP/1.1 200 OK"
16:15:15 DEBUG   receive_response_body.started request=<Request [b'HEAD']>
16:15:15 DEBUG   receive_response_body.complete
16:15:15 DEBUG   response_closed.started
16:15:15 DEBUG   response_closed.complete
16:15:15 DEBUG   send_request_headers.started request=<Request [b'HEAD']>
16:15:15 DEBUG   send_request_headers.complete
16:15:15 DEBUG   send_request_body.started request=<Request [b'HEAD']>
16:15:15 DEBUG   send_request_body.complete
16:15:15 DEBUG   receive_response_headers.started request=<Request [b'HEAD']>
16:15:15 DEBUG   receive_response_headers.complete return_value=(b'HTTP/1.1', 307, b'Temporary Redirect', [(b'Content-Type', b'text/plain; charset=utf-8'), (b'Content-Length', b'222'), (b'Connection', b'keep-alive'), (b'Date', b'Sat, 29 Aug 2026 08:15:14 GMT'), (b'Location', b'/api/resolve-cache/models/BAAI/bge-m3/5617a9f61b028005a4858fdac845db406aefb181/README.md?%2FBAAI%2Fbge-m3%2Fresolve%2Fmain%2FREADME.md=&etag=%22e5a320176edd6ee1cfb256e68ee5ac0004de9447%22'), (b'X-Powered-By', b'huggingface-moon'), (b'X-Request-Id', b'Root=1-6a929512-287321ce37da1788279388d0;1718e3c6-5630-48e1-976b-97ad3f5ba4a4'), (b'RateLimit', b'"resolvers";r=2996;t=250'), (b'RateLimit-Policy', b'"fixed window";"resolvers";q=3000;w=300'), (b'cross-origin-opener-policy', b'same-origin'), (b'Referrer-Policy', b'strict-origin-when-cross-origin'), (b'Access-Control-Max-Age', b'86400'), (b'Access-Control-Allow-Origin', b'https://huggingface.co'), (b'Vary', b'Origin, Accept'), (b'Access-Control-Expose-Headers', b'X-Repo-Commit,X-Request-Id,X-Error-Code,X-Error-Message,X-Total-Count,ETag,Link,Accept-Ranges,Content-Range,X-Linked-Size,X-Linked-ETag,X-Xet-Hash'), (b'X-Repo-Commit', b'5617a9f61b028005a4858fdac845db406aefb181'), (b'Accept-Ranges', b'bytes'), (b'X-HF-Warning', b'unauthenticated; Warning: You are sending unauthenticated requests to the HF Hub. Please set a HF_TOKEN to enable higher rate limits and faster downloads.'), (b'X-Hub-Cache', b'HIT'), (b'Content-Disposition', b'inline; filename*=UTF-8\'\'README.md; filename="README.md";'), (b'Content-Security-Policy', b"default-src 'none'; sandbox"), (b'X-Linked-ETag', b'"e5a320176edd6ee1cfb256e68ee5ac0004de9447"'), (b'X-Cache', b'Miss from cloudfront'), (b'Via', b'1.1 744a1a944313f4cfdfc83fe056d50e50.cloudfront.net (CloudFront)'), (b'X-Amz-Cf-Pop', b'SIN2-P7'), (b'Alt-Svc', b'h3=":443"; ma=86400'), (b'X-Amz-Cf-Id', b'8_SFzvYQIf7CSfmwPHwwsnG3BzEjI8YZZB59cx0_lFrXpNUcPp7r9A=='), (b'Strict-Transport-Security', b'max-age=31536000')])
16:15:15 INFO    HTTP Request: HEAD https://huggingface.co/BAAI/bge-m3/resolve/main/README.md "HTTP/1.1 307 Temporary Redirect"
16:15:15 DEBUG   receive_response_body.started request=<Request [b'HEAD']>
16:15:15 DEBUG   receive_response_body.complete
16:15:15 DEBUG   response_closed.started
16:15:15 DEBUG   response_closed.complete
16:15:15 DEBUG   send_request_headers.started request=<Request [b'HEAD']>
16:15:15 DEBUG   send_request_headers.complete
16:15:15 DEBUG   send_request_body.started request=<Request [b'HEAD']>
16:15:15 DEBUG   send_request_body.complete
16:15:15 DEBUG   receive_response_headers.started request=<Request [b'HEAD']>
16:15:15 DEBUG   receive_response_headers.complete return_value=(b'HTTP/1.1', 200, b'OK', [(b'Content-Type', b'text/plain; charset=utf-8'), (b'Content-Length', b'15822'), (b'Connection', b'keep-alive'), (b'Date', b'Fri, 29 May 2026 09:17:56 GMT'), (b'X-Powered-By', b'huggingface-moon'), (b'X-Request-Id', b'Root=1-6a1959c4-790924675c95cd2d3961369d'), (b'RateLimit', b'"resolvers";r=2989;t=8'), (b'RateLimit-Policy', b'"fixed window";"resolvers";q=3000;w=300'), (b'cross-origin-opener-policy', b'same-origin'), (b'Referrer-Policy', b'strict-origin-when-cross-origin'), (b'Access-Control-Max-Age', b'86400'), (b'Access-Control-Allow-Origin', b'https://huggingface.co'), (b'Access-Control-Expose-Headers', b'X-Repo-Commit,X-Request-Id,X-Error-Code,X-Error-Message,X-Total-Count,ETag,Link,Accept-Ranges,Content-Range,X-Linked-Size,X-Linked-ETag,X-Xet-Hash'), (b'X-Repo-Commit', b'5617a9f61b028005a4858fdac845db406aefb181'), (b'Accept-Ranges', b'bytes'), (b'Content-Disposition', b'inline; filename*=UTF-8\'\'README.md; filename="README.md";'), (b'Content-Security-Policy', b"default-src 'none'; sandbox"), (b'ETag', b'"e5a320176edd6ee1cfb256e68ee5ac0004de9447"'), (b'Vary', b'Origin'), (b'X-Cache', b'Hit from cloudfront'), (b'Via', b'1.1 744a1a944313f4cfdfc83fe056d50e50.cloudfront.net (CloudFront)'), (b'X-Amz-Cf-Pop', b'SIN2-P7'), (b'Alt-Svc', b'h3=":443"; ma=86400'), (b'X-Amz-Cf-Id', b'obiEKxPjTWFc-FC3hHNYXz0bFJvvLzycwVFeLjOIwfZT6-noOUd-GA=='), (b'Age', b'7945039'), (b'Strict-Transport-Security', b'max-age=31536000')])
16:15:15 INFO    HTTP Request: HEAD https://huggingface.co/api/resolve-cache/models/BAAI/bge-m3/5617a9f61b028005a4858fdac845db406aefb181/README.md "HTTP/1.1 200 OK"
16:15:15 DEBUG   receive_response_body.started request=<Request [b'HEAD']>
16:15:15 DEBUG   receive_response_body.complete
16:15:15 DEBUG   response_closed.started
16:15:15 DEBUG   response_closed.complete
16:15:15 DEBUG   send_request_headers.started request=<Request [b'HEAD']>
16:15:15 DEBUG   send_request_headers.complete
16:15:15 DEBUG   send_request_body.started request=<Request [b'HEAD']>
16:15:15 DEBUG   send_request_body.complete
16:15:15 DEBUG   receive_response_headers.started request=<Request [b'HEAD']>
16:15:15 DEBUG   receive_response_headers.complete return_value=(b'HTTP/1.1', 307, b'Temporary Redirect', [(b'Content-Type', b'text/plain; charset=utf-8'), (b'Content-Length', b'228'), (b'Connection', b'keep-alive'), (b'Date', b'Sat, 29 Aug 2026 08:15:15 GMT'), (b'Location', b'/api/resolve-cache/models/BAAI/bge-m3/5617a9f61b028005a4858fdac845db406aefb181/modules.json?%2FBAAI%2Fbge-m3%2Fresolve%2Fmain%2Fmodules.json=&etag=%22952a9b81c0bfd99800fabf352f69c7ccd46c5e43%22'), (b'X-Powered-By', b'huggingface-moon'), (b'X-Request-Id', b'Root=1-6a929513-20ef3fef173454ed0e7ccccd;8722232b-2343-4a6f-8563-17a244bc40de'), (b'RateLimit', b'"resolvers";r=2995;t=249'), (b'RateLimit-Policy', b'"fixed window";"resolvers";q=3000;w=300'), (b'cross-origin-opener-policy', b'same-origin'), (b'Referrer-Policy', b'strict-origin-when-cross-origin'), (b'Access-Control-Max-Age', b'86400'), (b'Access-Control-Allow-Origin', b'https://huggingface.co'), (b'Vary', b'Origin, Accept'), (b'Access-Control-Expose-Headers', b'X-Repo-Commit,X-Request-Id,X-Error-Code,X-Error-Message,X-Total-Count,ETag,Link,Accept-Ranges,Content-Range,X-Linked-Size,X-Linked-ETag,X-Xet-Hash'), (b'X-Repo-Commit', b'5617a9f61b028005a4858fdac845db406aefb181'), (b'Accept-Ranges', b'bytes'), (b'X-HF-Warning', b'unauthenticated; Warning: You are sending unauthenticated requests to the HF Hub. Please set a HF_TOKEN to enable higher rate limits and faster downloads.'), (b'X-Hub-Cache', b'HIT'), (b'Content-Disposition', b'inline; filename*=UTF-8\'\'modules.json; filename="modules.json";'), (b'Content-Security-Policy', b"default-src 'none'; sandbox"), (b'X-Linked-ETag', b'"952a9b81c0bfd99800fabf352f69c7ccd46c5e43"'), (b'X-Cache', b'Miss from cloudfront'), (b'Via', b'1.1 744a1a944313f4cfdfc83fe056d50e50.cloudfront.net (CloudFront)'), (b'X-Amz-Cf-Pop', b'SIN2-P7'), (b'Alt-Svc', b'h3=":443"; ma=86400'), (b'X-Amz-Cf-Id', b'bzPFNxhdZAcNH8jL2YE47oHFdt9yhC5hyvb1fgbL5CS-3g-DLfD9cg=='), (b'Strict-Transport-Security', b'max-age=31536000')])
16:15:15 INFO    HTTP Request: HEAD https://huggingface.co/BAAI/bge-m3/resolve/main/modules.json "HTTP/1.1 307 Temporary Redirect"
16:15:15 DEBUG   receive_response_body.started request=<Request [b'HEAD']>
16:15:15 DEBUG   receive_response_body.complete
16:15:15 DEBUG   response_closed.started
16:15:15 DEBUG   response_closed.complete
16:15:15 DEBUG   send_request_headers.started request=<Request [b'HEAD']>
16:15:15 DEBUG   send_request_headers.complete
16:15:15 DEBUG   send_request_body.started request=<Request [b'HEAD']>
16:15:15 DEBUG   send_request_body.complete
16:15:15 DEBUG   receive_response_headers.started request=<Request [b'HEAD']>
16:15:15 DEBUG   receive_response_headers.complete return_value=(b'HTTP/1.1', 200, b'OK', [(b'Content-Type', b'text/plain; charset=utf-8'), (b'Content-Length', b'349'), (b'Connection', b'keep-alive'), (b'Date', b'Fri, 19 Jun 2026 02:17:04 GMT'), (b'X-Powered-By', b'huggingface-moon'), (b'X-Request-Id', b'Root=1-6a34a6a0-458fd28b3432a0496c9e0658'), (b'RateLimit', b'"resolvers";r=2997;t=236'), (b'RateLimit-Policy', b'"fixed window";"resolvers";q=3000;w=300'), (b'cross-origin-opener-policy', b'same-origin'), (b'Referrer-Policy', b'strict-origin-when-cross-origin'), (b'Access-Control-Max-Age', b'86400'), (b'Access-Control-Allow-Origin', b'https://huggingface.co'), (b'Access-Control-Expose-Headers', b'X-Repo-Commit,X-Request-Id,X-Error-Code,X-Error-Message,X-Total-Count,ETag,Link,Accept-Ranges,Content-Range,X-Linked-Size,X-Linked-ETag,X-Xet-Hash'), (b'X-Repo-Commit', b'5617a9f61b028005a4858fdac845db406aefb181'), (b'Accept-Ranges', b'bytes'), (b'Content-Disposition', b'inline; filename*=UTF-8\'\'modules.json; filename="modules.json";'), (b'Content-Security-Policy', b"default-src 'none'; sandbox"), (b'ETag', b'"952a9b81c0bfd99800fabf352f69c7ccd46c5e43"'), (b'Vary', b'Origin'), (b'X-Cache', b'Hit from cloudfront'), (b'Via', b'1.1 744a1a944313f4cfdfc83fe056d50e50.cloudfront.net (CloudFront)'), (b'X-Amz-Cf-Pop', b'SIN2-P7'), (b'Alt-Svc', b'h3=":443"; ma=86400'), (b'X-Amz-Cf-Id', b'5qrTdvGMchjE_62AVLRocPDGrq5GZsUhooHMYTL-5HejF85-EMwyqA=='), (b'Age', b'6155891'), (b'Strict-Transport-Security', b'max-age=31536000')])
16:15:15 INFO    HTTP Request: HEAD https://huggingface.co/api/resolve-cache/models/BAAI/bge-m3/5617a9f61b028005a4858fdac845db406aefb181/modules.json "HTTP/1.1 200 OK"
16:15:15 DEBUG   receive_response_body.started request=<Request [b'HEAD']>
16:15:15 DEBUG   receive_response_body.complete
16:15:15 DEBUG   response_closed.started
16:15:15 DEBUG   response_closed.complete
16:15:15 DEBUG   send_request_headers.started request=<Request [b'HEAD']>
16:15:15 DEBUG   send_request_headers.complete
16:15:15 DEBUG   send_request_body.started request=<Request [b'HEAD']>
16:15:15 DEBUG   send_request_body.complete
16:15:15 DEBUG   receive_response_headers.started request=<Request [b'HEAD']>
16:15:15 DEBUG   receive_response_headers.complete return_value=(b'HTTP/1.1', 307, b'Temporary Redirect', [(b'Content-Type', b'text/plain; charset=utf-8'), (b'Content-Length', b'254'), (b'Connection', b'keep-alive'), (b'Date', b'Sat, 29 Aug 2026 08:15:15 GMT'), (b'Location', b'/api/resolve-cache/models/BAAI/bge-m3/5617a9f61b028005a4858fdac845db406aefb181/sentence_bert_config.json?%2FBAAI%2Fbge-m3%2Fresolve%2Fmain%2Fsentence_bert_config.json=&etag=%220140ba1eac83a3c9b857d64baba91969d988624b%22'), (b'X-Powered-By', b'huggingface-moon'), (b'X-Request-Id', b'Root=1-6a929513-5f330372637cdc5a2c47fc03;7cad5308-b4d3-405e-abc5-9ddfb95a86ee'), (b'RateLimit', b'"resolvers";r=2994;t=249'), (b'RateLimit-Policy', b'"fixed window";"resolvers";q=3000;w=300'), (b'cross-origin-opener-policy', b'same-origin'), (b'Referrer-Policy', b'strict-origin-when-cross-origin'), (b'Access-Control-Max-Age', b'86400'), (b'Access-Control-Allow-Origin', b'https://huggingface.co'), (b'Vary', b'Origin, Accept'), (b'Access-Control-Expose-Headers', b'X-Repo-Commit,X-Request-Id,X-Error-Code,X-Error-Message,X-Total-Count,ETag,Link,Accept-Ranges,Content-Range,X-Linked-Size,X-Linked-ETag,X-Xet-Hash'), (b'X-Repo-Commit', b'5617a9f61b028005a4858fdac845db406aefb181'), (b'Accept-Ranges', b'bytes'), (b'X-Hub-Cache', b'HIT'), (b'Content-Disposition', b'inline; filename*=UTF-8\'\'sentence_bert_config.json; filename="sentence_bert_config.json";'), (b'Content-Security-Policy', b"default-src 'none'; sandbox"), (b'X-Linked-ETag', b'"0140ba1eac83a3c9b857d64baba91969d988624b"'), (b'X-Cache', b'Miss from cloudfront'), (b'Via', b'1.1 744a1a944313f4cfdfc83fe056d50e50.cloudfront.net (CloudFront)'), (b'X-Amz-Cf-Pop', b'SIN2-P7'), (b'Alt-Svc', b'h3=":443"; ma=86400'), (b'X-Amz-Cf-Id', b'1VaZ_ISytNF0LzpzEqT6q5E4RfcQYp4wvx4XdwVUktjbJzp3OLBLyg=='), (b'Strict-Transport-Security', b'max-age=31536000')])
16:15:15 INFO    HTTP Request: HEAD https://huggingface.co/BAAI/bge-m3/resolve/main/sentence_bert_config.json "HTTP/1.1 307 Temporary Redirect"
16:15:15 DEBUG   receive_response_body.started request=<Request [b'HEAD']>
16:15:15 DEBUG   receive_response_body.complete
16:15:15 DEBUG   response_closed.started
16:15:15 DEBUG   response_closed.complete
16:15:15 DEBUG   send_request_headers.started request=<Request [b'HEAD']>
16:15:15 DEBUG   send_request_headers.complete
16:15:15 DEBUG   send_request_body.started request=<Request [b'HEAD']>
16:15:15 DEBUG   send_request_body.complete
16:15:15 DEBUG   receive_response_headers.started request=<Request [b'HEAD']>
16:15:15 DEBUG   receive_response_headers.complete return_value=(b'HTTP/1.1', 200, b'OK', [(b'Content-Type', b'text/plain; charset=utf-8'), (b'Content-Length', b'54'), (b'Connection', b'keep-alive'), (b'Date', b'Fri, 29 May 2026 09:17:57 GMT'), (b'X-Powered-By', b'huggingface-moon'), (b'X-Request-Id', b'Root=1-6a1959c5-2bfe23cf777fc9f72ee2697d'), (b'RateLimit', b'"resolvers";r=2996;t=163'), (b'RateLimit-Policy', b'"fixed window";"resolvers";q=3000;w=300'), (b'cross-origin-opener-policy', b'same-origin'), (b'Referrer-Policy', b'strict-origin-when-cross-origin'), (b'Access-Control-Max-Age', b'86400'), (b'Access-Control-Allow-Origin', b'https://huggingface.co'), (b'Access-Control-Expose-Headers', b'X-Repo-Commit,X-Request-Id,X-Error-Code,X-Error-Message,X-Total-Count,ETag,Link,Accept-Ranges,Content-Range,X-Linked-Size,X-Linked-ETag,X-Xet-Hash'), (b'X-Repo-Commit', b'5617a9f61b028005a4858fdac845db406aefb181'), (b'Accept-Ranges', b'bytes'), (b'Content-Disposition', b'inline; filename*=UTF-8\'\'sentence_bert_config.json; filename="sentence_bert_config.json";'), (b'Content-Security-Policy', b"default-src 'none'; sandbox"), (b'ETag', b'"0140ba1eac83a3c9b857d64baba91969d988624b"'), (b'Vary', b'Origin'), (b'X-Cache', b'Hit from cloudfront'), (b'Via', b'1.1 744a1a944313f4cfdfc83fe056d50e50.cloudfront.net (CloudFront)'), (b'X-Amz-Cf-Pop', b'SIN2-P7'), (b'Alt-Svc', b'h3=":443"; ma=86400'), (b'X-Amz-Cf-Id', b'vU71QVa9nrFgVHncjgL3bouFs5trU7QfbnYVTvpHI-Y1xfwW-QnysQ=='), (b'Age', b'7945038'), (b'Strict-Transport-Security', b'max-age=31536000')])
16:15:15 INFO    HTTP Request: HEAD https://huggingface.co/api/resolve-cache/models/BAAI/bge-m3/5617a9f61b028005a4858fdac845db406aefb181/sentence_bert_config.json "HTTP/1.1 200 OK"
16:15:15 DEBUG   receive_response_body.started request=<Request [b'HEAD']>
16:15:15 DEBUG   receive_response_body.complete
16:15:15 DEBUG   response_closed.started
16:15:15 DEBUG   response_closed.complete
16:15:15 DEBUG   send_request_headers.started request=<Request [b'HEAD']>
16:15:15 DEBUG   send_request_headers.complete
16:15:15 DEBUG   send_request_body.started request=<Request [b'HEAD']>
16:15:15 DEBUG   send_request_body.complete
16:15:15 DEBUG   receive_response_headers.started request=<Request [b'HEAD']>
16:15:16 DEBUG   receive_response_headers.complete return_value=(b'HTTP/1.1', 404, b'Not Found', [(b'Content-Type', b'text/plain; charset=utf-8'), (b'Content-Length', b'15'), (b'Connection', b'keep-alive'), (b'Date', b'Sat, 29 Aug 2026 08:15:15 GMT'), (b'ETag', b'W/"f-mY2VvLxuxB7KhsoOdQTlMTccuAQ"'), (b'X-Powered-By', b'huggingface-moon'), (b'X-Request-Id', b'Root=1-6a929513-0390f5b16220517a02258ea2;32d0c017-6373-475a-bcd1-6dd99cfaa9f8'), (b'RateLimit', b'"resolvers";r=2993;t=249'), (b'RateLimit-Policy', b'"fixed window";"resolvers";q=3000;w=300'), (b'cross-origin-opener-policy', b'same-origin'), (b'Referrer-Policy', b'strict-origin-when-cross-origin'), (b'Access-Control-Max-Age', b'86400'), (b'Access-Control-Allow-Origin', b'https://huggingface.co'), (b'Vary', b'Origin'), (b'Access-Control-Expose-Headers', b'X-Repo-Commit,X-Request-Id,X-Error-Code,X-Error-Message,X-Total-Count,ETag,Link,Accept-Ranges,Content-Range,X-Linked-Size,X-Linked-ETag,X-Xet-Hash'), (b'X-Repo-Commit', b'5617a9f61b028005a4858fdac845db406aefb181'), (b'Accept-Ranges', b'bytes'), (b'X-HF-Warning', b'unauthenticated; Warning: You are sending unauthenticated requests to the HF Hub. Please set a HF_TOKEN to enable higher rate limits and faster downloads.'), (b'X-Hub-Cache', b'MISS'), (b'X-Error-Code', b'EntryNotFound'), (b'X-Error-Message', b'Entry not found'), (b'X-Cache', b'Error from cloudfront'), (b'Via', b'1.1 744a1a944313f4cfdfc83fe056d50e50.cloudfront.net (CloudFront)'), (b'X-Amz-Cf-Pop', b'SIN2-P7'), (b'Alt-Svc', b'h3=":443"; ma=86400'), (b'X-Amz-Cf-Id', b'GcudJucgph6VGVCTshNAZQ6qOkaaxiqPo2EFUAcJVtVLEkjJRxCsHA=='), (b'Strict-Transport-Security', b'max-age=31536000')])
16:15:16 INFO    HTTP Request: HEAD https://huggingface.co/BAAI/bge-m3/resolve/main/adapter_config.json "HTTP/1.1 404 Not Found"
16:15:16 DEBUG   receive_response_body.started request=<Request [b'HEAD']>
16:15:16 DEBUG   receive_response_body.complete
16:15:16 DEBUG   response_closed.started
16:15:16 DEBUG   response_closed.complete
16:15:16 DEBUG   send_request_headers.started request=<Request [b'HEAD']>
16:15:16 DEBUG   send_request_headers.complete
16:15:16 DEBUG   send_request_body.started request=<Request [b'HEAD']>
16:15:16 DEBUG   send_request_body.complete
16:15:16 DEBUG   receive_response_headers.started request=<Request [b'HEAD']>
16:15:16 DEBUG   receive_response_headers.complete return_value=(b'HTTP/1.1', 307, b'Temporary Redirect', [(b'Content-Type', b'text/plain; charset=utf-8'), (b'Content-Length', b'226'), (b'Connection', b'keep-alive'), (b'Date', b'Sat, 29 Aug 2026 08:15:16 GMT'), (b'Location', b'/api/resolve-cache/models/BAAI/bge-m3/5617a9f61b028005a4858fdac845db406aefb181/config.json?%2FBAAI%2Fbge-m3%2Fresolve%2Fmain%2Fconfig.json=&etag=%22e6eda1c72da8f9dc30fdd9b69c73d35af3b7a7ad%22'), (b'X-Powered-By', b'huggingface-moon'), (b'X-Request-Id', b'Root=1-6a929514-6b5c3d8231035bab79944a43;9730dfec-bc90-4cd0-a4fd-054a0404e335'), (b'RateLimit', b'"resolvers";r=2992;t=248'), (b'RateLimit-Policy', b'"fixed window";"resolvers";q=3000;w=300'), (b'cross-origin-opener-policy', b'same-origin'), (b'Referrer-Policy', b'strict-origin-when-cross-origin'), (b'Access-Control-Max-Age', b'86400'), (b'Access-Control-Allow-Origin', b'https://huggingface.co'), (b'Vary', b'Origin, Accept'), (b'Access-Control-Expose-Headers', b'X-Repo-Commit,X-Request-Id,X-Error-Code,X-Error-Message,X-Total-Count,ETag,Link,Accept-Ranges,Content-Range,X-Linked-Size,X-Linked-ETag,X-Xet-Hash'), (b'X-Repo-Commit', b'5617a9f61b028005a4858fdac845db406aefb181'), (b'Accept-Ranges', b'bytes'), (b'X-HF-Warning', b'unauthenticated; Warning: You are sending unauthenticated requests to the HF Hub. Please set a HF_TOKEN to enable higher rate limits and faster downloads.'), (b'X-Hub-Cache', b'HIT'), (b'Content-Disposition', b'inline; filename*=UTF-8\'\'config.json; filename="config.json";'), (b'Content-Security-Policy', b"default-src 'none'; sandbox"), (b'X-Linked-ETag', b'"e6eda1c72da8f9dc30fdd9b69c73d35af3b7a7ad"'), (b'X-Cache', b'Miss from cloudfront'), (b'Via', b'1.1 744a1a944313f4cfdfc83fe056d50e50.cloudfront.net (CloudFront)'), (b'X-Amz-Cf-Pop', b'SIN2-P7'), (b'Alt-Svc', b'h3=":443"; ma=86400'), (b'X-Amz-Cf-Id', b'Ql7EIQi6yp3F-te-fIWdkKx8tMVvQRUcfYHzClx3sPGKJi7S97nwTQ=='), (b'Strict-Transport-Security', b'max-age=31536000')])
16:15:16 INFO    HTTP Request: HEAD https://huggingface.co/BAAI/bge-m3/resolve/main/config.json "HTTP/1.1 307 Temporary Redirect"
16:15:16 DEBUG   receive_response_body.started request=<Request [b'HEAD']>
16:15:16 DEBUG   receive_response_body.complete
16:15:16 DEBUG   response_closed.started
16:15:16 DEBUG   response_closed.complete
16:15:16 DEBUG   send_request_headers.started request=<Request [b'HEAD']>
16:15:16 DEBUG   send_request_headers.complete
16:15:16 DEBUG   send_request_body.started request=<Request [b'HEAD']>
16:15:16 DEBUG   send_request_body.complete
16:15:16 DEBUG   receive_response_headers.started request=<Request [b'HEAD']>
16:15:16 DEBUG   receive_response_headers.complete return_value=(b'HTTP/1.1', 200, b'OK', [(b'Content-Type', b'text/plain; charset=utf-8'), (b'Content-Length', b'687'), (b'Connection', b'keep-alive'), (b'Date', b'Sun, 31 Aug 2025 06:28:15 GMT'), (b'ETag', b'"e6eda1c72da8f9dc30fdd9b69c73d35af3b7a7ad"'), (b'X-Powered-By', b'huggingface-moon'), (b'cross-origin-opener-policy', b'same-origin'), (b'Referrer-Policy', b'strict-origin-when-cross-origin'), (b'X-Request-Id', b'Root=1-68b3eb7f-6fc2683f193c309340b63d27;022cb13d-c892-4a02-91d5-85bea5ae855a'), (b'Access-Control-Allow-Origin', b'https://huggingface.co'), (b'Access-Control-Expose-Headers', b'X-Repo-Commit,X-Request-Id,X-Error-Code,X-Error-Message,X-Total-Count,ETag,Link,Accept-Ranges,Content-Range,X-Linked-Size,X-Linked-ETag,X-Xet-Hash'), (b'X-Repo-Commit', b'5617a9f61b028005a4858fdac845db406aefb181'), (b'Accept-Ranges', b'bytes'), (b'Content-Disposition', b'inline; filename*=UTF-8\'\'config.json; filename="config.json";'), (b'Content-Security-Policy', b"default-src 'none'; sandbox"), (b'Vary', b'Origin'), (b'X-Cache', b'Hit from cloudfront'), (b'Via', b'1.1 744a1a944313f4cfdfc83fe056d50e50.cloudfront.net (CloudFront)'), (b'X-Amz-Cf-Pop', b'SIN2-P7'), (b'Alt-Svc', b'h3=":443"; ma=86400'), (b'X-Amz-Cf-Id', b'O5BfoutM7hiBOhdihF5ZQlPvRcyWH07xHur-85GTvklL3EOF0gp5Uw=='), (b'Age', b'31369621'), (b'Strict-Transport-Security', b'max-age=31536000')])
16:15:16 INFO    HTTP Request: HEAD https://huggingface.co/api/resolve-cache/models/BAAI/bge-m3/5617a9f61b028005a4858fdac845db406aefb181/config.json "HTTP/1.1 200 OK"
16:15:16 DEBUG   receive_response_body.started request=<Request [b'HEAD']>
16:15:16 DEBUG   receive_response_body.complete
16:15:16 DEBUG   response_closed.started
16:15:16 DEBUG   response_closed.complete
16:15:16 DEBUG   send_request_headers.started request=<Request [b'HEAD']>
16:15:16 DEBUG   send_request_headers.complete
16:15:16 DEBUG   send_request_body.started request=<Request [b'HEAD']>
16:15:16 DEBUG   send_request_body.complete
16:15:16 DEBUG   receive_response_headers.started request=<Request [b'HEAD']>
16:15:16 DEBUG   receive_response_headers.complete return_value=(b'HTTP/1.1', 404, b'Not Found', [(b'Content-Type', b'text/plain; charset=utf-8'), (b'Content-Length', b'15'), (b'Connection', b'keep-alive'), (b'Date', b'Sat, 29 Aug 2026 08:15:16 GMT'), (b'ETag', b'W/"f-mY2VvLxuxB7KhsoOdQTlMTccuAQ"'), (b'X-Powered-By', b'huggingface-moon'), (b'X-Request-Id', b'Root=1-6a929514-21cc205a59ee9bd66772bfd4;b6004d43-2696-45ed-a700-55d9f9736347'), (b'RateLimit', b'"resolvers";r=2991;t=248'), (b'RateLimit-Policy', b'"fixed window";"resolvers";q=3000;w=300'), (b'cross-origin-opener-policy', b'same-origin'), (b'Referrer-Policy', b'strict-origin-when-cross-origin'), (b'Access-Control-Max-Age', b'86400'), (b'Access-Control-Allow-Origin', b'https://huggingface.co'), (b'Vary', b'Origin'), (b'Access-Control-Expose-Headers', b'X-Repo-Commit,X-Request-Id,X-Error-Code,X-Error-Message,X-Total-Count,ETag,Link,Accept-Ranges,Content-Range,X-Linked-Size,X-Linked-ETag,X-Xet-Hash'), (b'X-Repo-Commit', b'5617a9f61b028005a4858fdac845db406aefb181'), (b'Accept-Ranges', b'bytes'), (b'X-HF-Warning', b'unauthenticated; Warning: You are sending unauthenticated requests to the HF Hub. Please set a HF_TOKEN to enable higher rate limits and faster downloads.'), (b'X-Hub-Cache', b'MISS'), (b'X-Error-Code', b'EntryNotFound'), (b'X-Error-Message', b'Entry not found'), (b'X-Cache', b'Error from cloudfront'), (b'Via', b'1.1 744a1a944313f4cfdfc83fe056d50e50.cloudfront.net (CloudFront)'), (b'X-Amz-Cf-Pop', b'SIN2-P7'), (b'Alt-Svc', b'h3=":443"; ma=86400'), (b'X-Amz-Cf-Id', b'D63Ppw7qLV-onepjSBgPkF0w1q26BXBnU_WZatFAdxN2W0MZBwWzkA=='), (b'Strict-Transport-Security', b'max-age=31536000')])
16:15:16 INFO    HTTP Request: HEAD https://huggingface.co/BAAI/bge-m3/resolve/main/model.safetensors "HTTP/1.1 404 Not Found"
16:15:16 DEBUG   receive_response_body.started request=<Request [b'HEAD']>
16:15:16 DEBUG   receive_response_body.complete
16:15:16 DEBUG   response_closed.started
16:15:16 DEBUG   response_closed.complete
16:15:16 DEBUG   send_request_headers.started request=<Request [b'GET']>
16:15:16 DEBUG   send_request_headers.complete
16:15:16 DEBUG   send_request_body.started request=<Request [b'GET']>
16:15:16 DEBUG   send_request_body.complete
16:15:16 DEBUG   receive_response_headers.started request=<Request [b'GET']>
16:15:16 DEBUG   receive_response_headers.complete return_value=(b'HTTP/1.1', 200, b'OK', [(b'Content-Type', b'application/json; charset=utf-8'), (b'Transfer-Encoding', b'chunked'), (b'Connection', b'keep-alive'), (b'Date', b'Sat, 29 Aug 2026 08:15:16 GMT'), (b'content-encoding', b'gzip'), (b'ETag', b'W/"14a9-z2m/IShexXMrLakRE1EpscuQGH8"'), (b'X-Powered-By', b'huggingface-moon'), (b'X-Request-Id', b'Root=1-6a929514-04847961086a1cc3145fe676;88e39f54-6318-400e-8b01-3a7a30c3c51a'), (b'RateLimit', b'"api";r=499;t=248'), (b'RateLimit-Policy', b'"fixed window";"api";q=500;w=300'), (b'cross-origin-opener-policy', b'same-origin'), (b'Referrer-Policy', b'strict-origin-when-cross-origin'), (b'Access-Control-Max-Age', b'86400'), (b'Access-Control-Allow-Origin', b'https://huggingface.co'), (b'Vary', b'Origin'), (b'vary', b'Accept-Encoding'), (b'Access-Control-Expose-Headers', b'X-Repo-Commit,X-Request-Id,X-Error-Code,X-Error-Message,X-Total-Count,ETag,Link,Accept-Ranges,Content-Range,X-Linked-Size,X-Linked-ETag,X-Xet-Hash'), (b'X-Cache', b'Miss from cloudfront'), (b'Via', b'1.1 744a1a944313f4cfdfc83fe056d50e50.cloudfront.net (CloudFront)'), (b'X-Amz-Cf-Pop', b'SIN2-P7'), (b'Alt-Svc', b'h3=":443"; ma=86400'), (b'X-Amz-Cf-Id', b'B69_TapS0D8q9frPxSdsuKaBdFEc2FmG-VbXZeCtcjQ4WO81FygamA=='), (b'Strict-Transport-Security', b'max-age=31536000')])
16:15:16 INFO    HTTP Request: GET https://huggingface.co/api/models/BAAI/bge-m3 "HTTP/1.1 200 OK"
16:15:17 DEBUG   receive_response_body.started request=<Request [b'GET']>
16:15:17 DEBUG   receive_response_body.complete
16:15:17 DEBUG   response_closed.started
16:15:17 DEBUG   response_closed.complete
16:15:17 DEBUG   send_request_headers.started request=<Request [b'GET']>
16:15:17 DEBUG   send_request_headers.complete
16:15:17 DEBUG   send_request_body.started request=<Request [b'GET']>
16:15:17 DEBUG   send_request_body.complete
16:15:17 DEBUG   receive_response_headers.started request=<Request [b'GET']>
16:15:17 DEBUG   receive_response_headers.complete return_value=(b'HTTP/1.1', 200, b'OK', [(b'Content-Type', b'application/json; charset=utf-8'), (b'Transfer-Encoding', b'chunked'), (b'Connection', b'keep-alive'), (b'Date', b'Sat, 29 Aug 2026 08:15:17 GMT'), (b'content-encoding', b'gzip'), (b'ETag', b'W/"2535-dmzxmLOXfx4+uyeJBHEWLJ0b6pQ"'), (b'X-Powered-By', b'huggingface-moon'), (b'X-Request-Id', b'Root=1-6a929515-386c33f507bd0f6a23548a61;382eb6f3-08a9-4e33-a3bc-243681e75e17'), (b'RateLimit', b'"api";r=498;t=247'), (b'RateLimit-Policy', b'"fixed window";"api";q=500;w=300'), (b'cross-origin-opener-policy', b'same-origin'), (b'Referrer-Policy', b'strict-origin-when-cross-origin'), (b'Access-Control-Max-Age', b'86400'), (b'Access-Control-Allow-Origin', b'https://huggingface.co'), (b'Vary', b'Origin'), (b'vary', b'Accept-Encoding'), (b'Access-Control-Expose-Headers', b'X-Repo-Commit,X-Request-Id,X-Error-Code,X-Error-Message,X-Total-Count,ETag,Link,Accept-Ranges,Content-Range,X-Linked-Size,X-Linked-ETag,X-Xet-Hash'), (b'X-Total-Count', b'39'), (b'X-Cache', b'Miss from cloudfront'), (b'Via', b'1.1 744a1a944313f4cfdfc83fe056d50e50.cloudfront.net (CloudFront)'), (b'X-Amz-Cf-Pop', b'SIN2-P7'), (b'Alt-Svc', b'h3=":443"; ma=86400'), (b'X-Amz-Cf-Id', b'O8djpFx2RQgOkrmYglUR7g_CeKnYCFIYOoH3xiP1OGZsZ57Z7EGPcA=='), (b'Strict-Transport-Security', b'max-age=31536000')])
16:15:17 INFO    HTTP Request: GET https://huggingface.co/api/models/BAAI/bge-m3/commits/main "HTTP/1.1 200 OK"
16:15:17 DEBUG   receive_response_body.started request=<Request [b'GET']>
16:15:17 DEBUG   receive_response_body.complete
16:15:17 DEBUG   response_closed.started
16:15:17 DEBUG   response_closed.complete
16:15:17 DEBUG   send_request_headers.started request=<Request [b'GET']>
16:15:17 DEBUG   send_request_headers.complete
16:15:17 DEBUG   send_request_body.started request=<Request [b'GET']>
16:15:17 DEBUG   send_request_body.complete
16:15:17 DEBUG   receive_response_headers.started request=<Request [b'GET']>
16:15:17 DEBUG   receive_response_headers.complete return_value=(b'HTTP/1.1', 200, b'OK', [(b'Content-Type', b'application/json; charset=utf-8'), (b'Transfer-Encoding', b'chunked'), (b'Connection', b'keep-alive'), (b'Date', b'Sat, 29 Aug 2026 08:15:17 GMT'), (b'content-encoding', b'gzip'), (b'ETag', b'W/"7c6a-ZxYmu3FIcNJEmMps6ZSC0mHBcXw"'), (b'X-Powered-By', b'huggingface-moon'), (b'X-Request-Id', b'Root=1-6a929515-1d20fd9f31c75f1e1f020cad;be22a6db-168a-4351-8631-43877eda348d'), (b'RateLimit', b'"api";r=497;t=247'), (b'RateLimit-Policy', b'"fixed window";"api";q=500;w=300'), (b'cross-origin-opener-policy', b'same-origin'), (b'Referrer-Policy', b'strict-origin-when-cross-origin'), (b'Access-Control-Max-Age', b'86400'), (b'Access-Control-Allow-Origin', b'https://huggingface.co'), (b'Vary', b'Origin'), (b'vary', b'Accept-Encoding'), (b'Access-Control-Expose-Headers', b'X-Repo-Commit,X-Request-Id,X-Error-Code,X-Error-Message,X-Total-Count,ETag,Link,Accept-Ranges,Content-Range,X-Linked-Size,X-Linked-ETag,X-Xet-Hash'), (b'X-Cache', b'Miss from cloudfront'), (b'Via', b'1.1 744a1a944313f4cfdfc83fe056d50e50.cloudfront.net (CloudFront)'), (b'X-Amz-Cf-Pop', b'SIN2-P7'), (b'Alt-Svc', b'h3=":443"; ma=86400'), (b'X-Amz-Cf-Id', b'6cuV97C8d-4s5HKPx8U2ebKGXmglktTExk4-E0FpTzCAG8GdIQn-eg=='), (b'Strict-Transport-Security', b'max-age=31536000')])
16:15:17 INFO    HTTP Request: GET https://huggingface.co/api/models/BAAI/bge-m3/discussions?p=0 "HTTP/1.1 200 OK"
16:15:17 DEBUG   receive_response_body.started request=<Request [b'GET']>
16:15:17 DEBUG   receive_response_body.complete
16:15:17 DEBUG   response_closed.started
16:15:17 DEBUG   response_closed.complete
16:15:17 DEBUG   send_request_headers.started request=<Request [b'GET']>
16:15:17 DEBUG   connect_tcp.started host='huggingface.co' port=443 local_address=None timeout=10 socket_options=None
16:15:17 DEBUG   send_request_headers.complete
16:15:17 DEBUG   send_request_body.started request=<Request [b'GET']>
16:15:17 DEBUG   send_request_body.complete
16:15:17 DEBUG   receive_response_headers.started request=<Request [b'GET']>
16:15:17 DEBUG   connect_tcp.complete return_value=<httpcore._backends.sync.SyncStream object at 0x000001DFFB1D2750>
16:15:17 DEBUG   start_tls.started ssl_context=<ssl.SSLContext object at 0x000001DFF331D520> server_hostname='huggingface.co' timeout=10
16:15:17 DEBUG   start_tls.complete return_value=<httpcore._backends.sync.SyncStream object at 0x000001E082BA6F10>
16:15:17 DEBUG   send_request_headers.started request=<Request [b'HEAD']>
16:15:17 DEBUG   send_request_headers.complete
16:15:17 DEBUG   send_request_body.started request=<Request [b'HEAD']>
16:15:17 DEBUG   send_request_body.complete
16:15:17 DEBUG   receive_response_headers.started request=<Request [b'HEAD']>
16:15:18 DEBUG   receive_response_headers.complete return_value=(b'HTTP/1.1', 404, b'Not Found', [(b'Content-Type', b'text/plain; charset=utf-8'), (b'Content-Length', b'15'), (b'Connection', b'keep-alive'), (b'Date', b'Sat, 29 Aug 2026 08:15:17 GMT'), (b'ETag', b'W/"f-mY2VvLxuxB7KhsoOdQTlMTccuAQ"'), (b'X-Powered-By', b'huggingface-moon'), (b'X-Request-Id', b'Root=1-6a929515-08d7bc5c63cdab324c46a39f;c7353ff2-7f1f-4c62-9941-9adc0fe412d6'), (b'RateLimit', b'"resolvers";r=2990;t=247'), (b'RateLimit-Policy', b'"fixed window";"resolvers";q=3000;w=300'), (b'cross-origin-opener-policy', b'same-origin'), (b'Referrer-Policy', b'strict-origin-when-cross-origin'), (b'Access-Control-Max-Age', b'86400'), (b'Access-Control-Allow-Origin', b'https://huggingface.co'), (b'Vary', b'Origin'), (b'Access-Control-Expose-Headers', b'X-Repo-Commit,X-Request-Id,X-Error-Code,X-Error-Message,X-Total-Count,ETag,Link,Accept-Ranges,Content-Range,X-Linked-Size,X-Linked-ETag,X-Xet-Hash'), (b'X-Repo-Commit', b'5617a9f61b028005a4858fdac845db406aefb181'), (b'Accept-Ranges', b'bytes'), (b'X-Hub-Cache', b'MISS'), (b'X-Error-Code', b'EntryNotFound'), (b'X-Error-Message', b'Entry not found'), (b'X-Cache', b'Error from cloudfront'), (b'Via', b'1.1 43e5fc8af777bb75886a9fb119160f30.cloudfront.net (CloudFront)'), (b'X-Amz-Cf-Pop', b'SIN2-P7'), (b'Alt-Svc', b'h3=":443"; ma=86400'), (b'X-Amz-Cf-Id', b'ra1dKVcjvWKVHqsNoqYkgxLmSNisv1zpN25EOAVQKN-nb3-F2mxGlQ=='), (b'Strict-Transport-Security', b'max-age=31536000')])
16:15:18 INFO    HTTP Request: HEAD https://huggingface.co/BAAI/bge-m3/resolve/main/processor_config.json "HTTP/1.1 404 Not Found"
16:15:18 DEBUG   receive_response_body.started request=<Request [b'HEAD']>
16:15:18 DEBUG   receive_response_body.complete
16:15:18 DEBUG   response_closed.started
16:15:18 DEBUG   response_closed.complete
16:15:18 DEBUG   receive_response_headers.complete return_value=(b'HTTP/1.1', 200, b'OK', [(b'Content-Type', b'application/json; charset=utf-8'), (b'Transfer-Encoding', b'chunked'), (b'Connection', b'keep-alive'), (b'Date', b'Sat, 29 Aug 2026 08:15:17 GMT'), (b'content-encoding', b'gzip'), (b'ETag', b'W/"28fa-vAwdo+SC30MCm80qenLEjaEaURc"'), (b'X-Powered-By', b'huggingface-moon'), (b'X-Request-Id', b'Root=1-6a929515-68a2535c3fd239a45ea8b634;b117c412-1029-4b46-8ef5-53676e8096a8'), (b'RateLimit', b'"api";r=496;t=247'), (b'RateLimit-Policy', b'"fixed window";"api";q=500;w=300'), (b'cross-origin-opener-policy', b'same-origin'), (b'Referrer-Policy', b'strict-origin-when-cross-origin'), (b'Access-Control-Max-Age', b'86400'), (b'Access-Control-Allow-Origin', b'https://huggingface.co'), (b'Vary', b'Origin'), (b'vary', b'Accept-Encoding'), (b'Access-Control-Expose-Headers', b'X-Repo-Commit,X-Request-Id,X-Error-Code,X-Error-Message,X-Total-Count,ETag,Link,Accept-Ranges,Content-Range,X-Linked-Size,X-Linked-ETag,X-Xet-Hash'), (b'X-Total-Count', b'40'), (b'X-Cache', b'Miss from cloudfront'), (b'Via', b'1.1 744a1a944313f4cfdfc83fe056d50e50.cloudfront.net (CloudFront)'), (b'X-Amz-Cf-Pop', b'SIN2-P7'), (b'Alt-Svc', b'h3=":443"; ma=86400'), (b'X-Amz-Cf-Id', b'VxVQCVGH-MohczLu9zsRD4N04qV9NARwhiGTXF1sXB9T3qVXtjrTjw=='), (b'Strict-Transport-Security', b'max-age=31536000')])
16:15:18 INFO    HTTP Request: GET https://huggingface.co/api/models/BAAI/bge-m3/commits/refs%2Fpr%2F130 "HTTP/1.1 200 OK"
16:15:18 DEBUG   receive_response_body.started request=<Request [b'GET']>
16:15:18 DEBUG   receive_response_body.complete
16:15:18 DEBUG   response_closed.started
16:15:18 DEBUG   response_closed.complete
16:15:18 DEBUG   send_request_headers.started request=<Request [b'HEAD']>
16:15:18 DEBUG   send_request_headers.complete
16:15:18 DEBUG   send_request_body.started request=<Request [b'HEAD']>
16:15:18 DEBUG   send_request_body.complete
16:15:18 DEBUG   receive_response_headers.started request=<Request [b'HEAD']>
16:15:18 DEBUG   send_request_headers.started request=<Request [b'HEAD']>
16:15:18 DEBUG   send_request_headers.complete
16:15:18 DEBUG   send_request_body.started request=<Request [b'HEAD']>
16:15:18 DEBUG   send_request_body.complete
16:15:18 DEBUG   receive_response_headers.started request=<Request [b'HEAD']>
16:15:18 DEBUG   receive_response_headers.complete return_value=(b'HTTP/1.1', 404, b'Not Found', [(b'Content-Type', b'text/plain; charset=utf-8'), (b'Content-Length', b'15'), (b'Connection', b'keep-alive'), (b'Date', b'Sat, 29 Aug 2026 08:15:18 GMT'), (b'ETag', b'W/"f-mY2VvLxuxB7KhsoOdQTlMTccuAQ"'), (b'X-Powered-By', b'huggingface-moon'), (b'X-Request-Id', b'Root=1-6a929516-0ee9a4955744b9bc3d4979b0;f39723a4-8beb-4971-bc5e-ecad735aea12'), (b'RateLimit', b'"resolvers";r=2989;t=246'), (b'RateLimit-Policy', b'"fixed window";"resolvers";q=3000;w=300'), (b'cross-origin-opener-policy', b'same-origin'), (b'Referrer-Policy', b'strict-origin-when-cross-origin'), (b'Access-Control-Max-Age', b'86400'), (b'Access-Control-Allow-Origin', b'https://huggingface.co'), (b'Vary', b'Origin'), (b'Access-Control-Expose-Headers', b'X-Repo-Commit,X-Request-Id,X-Error-Code,X-Error-Message,X-Total-Count,ETag,Link,Accept-Ranges,Content-Range,X-Linked-Size,X-Linked-ETag,X-Xet-Hash'), (b'X-Repo-Commit', b'9a0624b896d81da7492a910ffa53731274b6cf3d'), (b'Accept-Ranges', b'bytes'), (b'X-Hub-Cache', b'MISS'), (b'X-Error-Code', b'EntryNotFound'), (b'X-Error-Message', b'Entry not found'), (b'X-Cache', b'Error from cloudfront'), (b'Via', b'1.1 744a1a944313f4cfdfc83fe056d50e50.cloudfront.net (CloudFront)'), (b'X-Amz-Cf-Pop', b'SIN2-P7'), (b'Alt-Svc', b'h3=":443"; ma=86400'), (b'X-Amz-Cf-Id', b'uxKLSnV3JsRdGza-9s4yTzuLRZQ1fNg-yf6T6vOh9NW_UDJ3B2r8LQ=='), (b'Strict-Transport-Security', b'max-age=31536000')])
16:15:18 INFO    HTTP Request: HEAD https://huggingface.co/BAAI/bge-m3/resolve/refs%2Fpr%2F130/model.safetensors.index.json "HTTP/1.1 404 Not Found"
16:15:18 DEBUG   receive_response_body.started request=<Request [b'HEAD']>
16:15:18 DEBUG   receive_response_body.complete
16:15:18 DEBUG   response_closed.started
16:15:18 DEBUG   response_closed.complete
16:15:18 DEBUG   send_request_headers.started request=<Request [b'HEAD']>
16:15:18 DEBUG   receive_response_headers.complete return_value=(b'HTTP/1.1', 404, b'Not Found', [(b'Content-Type', b'text/plain; charset=utf-8'), (b'Content-Length', b'15'), (b'Connection', b'keep-alive'), (b'Date', b'Sat, 29 Aug 2026 08:15:18 GMT'), (b'ETag', b'W/"f-mY2VvLxuxB7KhsoOdQTlMTccuAQ"'), (b'X-Powered-By', b'huggingface-moon'), (b'X-Request-Id', b'Root=1-6a929516-778e75b61fcd676878999688;7b79507a-6ed9-46b2-b902-88546776f7b5'), (b'RateLimit', b'"resolvers";r=2988;t=246'), (b'RateLimit-Policy', b'"fixed window";"resolvers";q=3000;w=300'), (b'cross-origin-opener-policy', b'same-origin'), (b'Referrer-Policy', b'strict-origin-when-cross-origin'), (b'Access-Control-Max-Age', b'86400'), (b'Access-Control-Allow-Origin', b'https://huggingface.co'), (b'Vary', b'Origin'), (b'Access-Control-Expose-Headers', b'X-Repo-Commit,X-Request-Id,X-Error-Code,X-Error-Message,X-Total-Count,ETag,Link,Accept-Ranges,Content-Range,X-Linked-Size,X-Linked-ETag,X-Xet-Hash'), (b'X-Repo-Commit', b'5617a9f61b028005a4858fdac845db406aefb181'), (b'Accept-Ranges', b'bytes'), (b'X-HF-Warning', b'unauthenticated; Warning: You are sending unauthenticated requests to the HF Hub. Please set a HF_TOKEN to enable higher rate limits and faster downloads.'), (b'X-Hub-Cache', b'MISS'), (b'X-Error-Code', b'EntryNotFound'), (b'X-Error-Message', b'Entry not found'), (b'X-Cache', b'Error from cloudfront'), (b'Via', b'1.1 43e5fc8af777bb75886a9fb119160f30.cloudfront.net (CloudFront)'), (b'X-Amz-Cf-Pop', b'SIN2-P7'), (b'Alt-Svc', b'h3=":443"; ma=86400'), (b'X-Amz-Cf-Id', b'jHEFAQj9mw8kM3a-QjKi58kodBl3VWEwUp4x4ywH0VDLBADqX5I4-Q=='), (b'Strict-Transport-Security', b'max-age=31536000')])
16:15:18 DEBUG   send_request_headers.complete
16:15:18 INFO    HTTP Request: HEAD https://huggingface.co/BAAI/bge-m3/resolve/main/preprocessor_config.json "HTTP/1.1 404 Not Found"
16:15:18 DEBUG   send_request_body.started request=<Request [b'HEAD']>
16:15:18 DEBUG   receive_response_body.started request=<Request [b'HEAD']>
16:15:18 DEBUG   send_request_body.complete
16:15:18 DEBUG   receive_response_headers.started request=<Request [b'HEAD']>
16:15:18 DEBUG   receive_response_body.complete
16:15:18 DEBUG   response_closed.started
16:15:18 DEBUG   response_closed.complete
16:15:18 DEBUG   send_request_headers.started request=<Request [b'HEAD']>
16:15:18 DEBUG   send_request_headers.complete
16:15:18 DEBUG   send_request_body.started request=<Request [b'HEAD']>
16:15:18 DEBUG   send_request_body.complete
16:15:18 DEBUG   receive_response_headers.started request=<Request [b'HEAD']>
16:15:18 DEBUG   receive_response_headers.complete return_value=(b'HTTP/1.1', 302, b'Found', [(b'Content-Type', b'text/plain; charset=utf-8'), (b'Content-Length', b'984'), (b'Connection', b'keep-alive'), (b'Date', b'Sat, 29 Aug 2026 08:15:18 GMT'), (b'Location', b'https://us.aws.cdn.hf.co/xet-bridge-us/65b53851e602b6c2c96e78da/668d1dbd1c38b39126b615cb826f7ff27ed48ad80734a07d82902f3ffccef4bf?user_id=public&X-Xet-Cas-Uid=public&response-content-disposition=inline%3B+filename*%3DUTF-8%27%27model.safetensors%3B+filename%3D%22model.safetensors%22%3B&Expires=1787994918&Policy=eyJTdGF0ZW1lbnQiOlt7IlJlc291cmNlIjoiaHR0cHM6Ly91cy5hd3MuY2RuLmhmLmNvL3hldC1icmlkZ2UtdXMvNjViNTM4NTFlNjAyYjZjMmM5NmU3OGRhLzY2OGQxZGJkMWMzOGIzOTEyNmI2MTVjYjgyNmY3ZmYyN2VkNDhhZDgwNzM0YTA3ZDgyOTAyZjNmZmNjZWY0YmZcXD91c2VyX2lkPXB1YmxpYyZYLVhldC1DYXMtVWlkPXB1YmxpYyZyZXNwb25zZS1jb250ZW50LWRpc3Bvc2l0aW9uPWlubGluZSUzQitmaWxlbmFtZSUyQSUzRFVURi04JTI3JTI3bW9kZWwuc2FmZXRlbnNvcnMlM0IrZmlsZW5hbWUlM0QlMjJtb2RlbC5zYWZldGVuc29ycyUyMiUzQiIsIkNvbmRpdGlvbiI6eyJEYXRlTGVzc1RoYW4iOnsiRXBvY2hUaW1lIjoxNzg3OTk0OTE4fX19XX0_&Signature=MEYCIQCs9gocIq5h-US7ZlRJC5Ekq3MqmMWbrpEQj1EkZL3ZLAIhAJaRn4K%7EOPPcECA4ixtPdPu8RzXtva%7E4aQFWBRE8k2YC&Key-Pair-Id=01KXEF4KZ1B6FV465MAWR4M21F'), (b'X-Powered-By', b'huggingface-moon'), (b'X-Request-Id', b'Root=1-6a929516-1be6c92d26c33f7b6cb1553b;fb65b747-27e6-4133-9282-86815e38a7d9'), (b'RateLimit', b'"resolvers";r=2987;t=246'), (b'RateLimit-Policy', b'"fixed window";"resolvers";q=3000;w=300'), (b'cross-origin-opener-policy', b'same-origin'), (b'Referrer-Policy', b'strict-origin-when-cross-origin'), (b'Access-Control-Max-Age', b'86400'), (b'Access-Control-Allow-Origin', b'https://huggingface.co'), (b'Vary', b'Origin, Accept'), (b'Access-Control-Expose-Headers', b'X-Repo-Commit,X-Request-Id,X-Error-Code,X-Error-Message,X-Total-Count,ETag,Link,Accept-Ranges,Content-Range,X-Linked-Size,X-Linked-ETag,X-Xet-Hash'), (b'X-Repo-Commit', b'9a0624b896d81da7492a910ffa53731274b6cf3d'), (b'Accept-Ranges', b'bytes'), (b'X-Hub-Cache', b'HIT'), (b'X-Linked-Size', b'2271064456'), (b'X-Linked-ETag', b'"993b2248881724788dcab8c644a91dfd63584b6e5604ff2037cb5541e1e38e7e"'), (b'Cache-Control', b'no-store'), (b'X-Xet-Hash', b'668d1dbd1c38b39126b615cb826f7ff27ed48ad80734a07d82902f3ffccef4bf'), (b'Link', b'<https://huggingface.co/api/models/BAAI/bge-m3/xet-read-token/9a0624b896d81da7492a910ffa53731274b6cf3d>; rel="xet-auth", <https://cas-server.xethub.hf.co/v1/reconstructions/668d1dbd1c38b39126b615cb826f7ff27ed48ad80734a07d82902f3ffccef4bf>; rel="xet-reconstruction-info"'), (b'X-Cache', b'Miss from cloudfront'), (b'Via', b'1.1 744a1a944313f4cfdfc83fe056d50e50.cloudfront.net (CloudFront)'), (b'X-Amz-Cf-Pop', b'SIN2-P7'), (b'Alt-Svc', b'h3=":443"; ma=86400'), (b'X-Amz-Cf-Id', b'b-ar7PsRlRc-9k7Ylnm19jLHeGT2OMJXcCYCvG8j2TGQ01mc2F3IXg=='), (b'Strict-Transport-Security', b'max-age=31536000')])
16:15:18 INFO    HTTP Request: HEAD https://huggingface.co/BAAI/bge-m3/resolve/refs%2Fpr%2F130/model.safetensors "HTTP/1.1 302 Found"
16:15:18 DEBUG   receive_response_body.started request=<Request [b'HEAD']>
16:15:18 DEBUG   receive_response_body.complete
16:15:18 DEBUG   response_closed.started
16:15:18 DEBUG   response_closed.complete
16:15:18 DEBUG   receive_response_headers.complete return_value=(b'HTTP/1.1', 404, b'Not Found', [(b'Content-Type', b'text/plain; charset=utf-8'), (b'Content-Length', b'15'), (b'Connection', b'keep-alive'), (b'Date', b'Sat, 29 Aug 2026 08:15:18 GMT'), (b'ETag', b'W/"f-mY2VvLxuxB7KhsoOdQTlMTccuAQ"'), (b'X-Powered-By', b'huggingface-moon'), (b'X-Request-Id', b'Root=1-6a929516-7b740397339ccc2326334474;c46fa5b5-2a3b-432c-afff-f24f7b6ffd13'), (b'RateLimit', b'"resolvers";r=2986;t=246'), (b'RateLimit-Policy', b'"fixed window";"resolvers";q=3000;w=300'), (b'cross-origin-opener-policy', b'same-origin'), (b'Referrer-Policy', b'strict-origin-when-cross-origin'), (b'Access-Control-Max-Age', b'86400'), (b'Access-Control-Allow-Origin', b'https://huggingface.co'), (b'Vary', b'Origin'), (b'Access-Control-Expose-Headers', b'X-Repo-Commit,X-Request-Id,X-Error-Code,X-Error-Message,X-Total-Count,ETag,Link,Accept-Ranges,Content-Range,X-Linked-Size,X-Linked-ETag,X-Xet-Hash'), (b'X-Repo-Commit', b'5617a9f61b028005a4858fdac845db406aefb181'), (b'Accept-Ranges', b'bytes'), (b'X-HF-Warning', b'unauthenticated; Warning: You are sending unauthenticated requests to the HF Hub. Please set a HF_TOKEN to enable higher rate limits and faster downloads.'), (b'X-Hub-Cache', b'MISS'), (b'X-Error-Code', b'EntryNotFound'), (b'X-Error-Message', b'Entry not found'), (b'X-Cache', b'Error from cloudfront'), (b'Via', b'1.1 43e5fc8af777bb75886a9fb119160f30.cloudfront.net (CloudFront)'), (b'X-Amz-Cf-Pop', b'SIN2-P7'), (b'Alt-Svc', b'h3=":443"; ma=86400'), (b'X-Amz-Cf-Id', b'cb1C6LH9P8pS_PS_7c1SexbBFwNdrg1skiLLP9q5UOObd2eZ-ZxlvA=='), (b'Strict-Transport-Security', b'max-age=31536000')])
16:15:18 INFO    HTTP Request: HEAD https://huggingface.co/BAAI/bge-m3/resolve/main/video_preprocessor_config.json "HTTP/1.1 404 Not Found"
16:15:18 DEBUG   receive_response_body.started request=<Request [b'HEAD']>
16:15:18 DEBUG   receive_response_body.complete
16:15:18 DEBUG   response_closed.started
16:15:18 DEBUG   response_closed.complete
16:15:18 DEBUG   send_request_headers.started request=<Request [b'HEAD']>
16:15:18 DEBUG   send_request_headers.complete
16:15:18 DEBUG   send_request_body.started request=<Request [b'HEAD']>
16:15:18 DEBUG   send_request_body.complete
16:15:18 DEBUG   receive_response_headers.started request=<Request [b'HEAD']>
16:15:18 DEBUG   receive_response_headers.complete return_value=(b'HTTP/1.1', 404, b'Not Found', [(b'Content-Type', b'text/plain; charset=utf-8'), (b'Content-Length', b'15'), (b'Connection', b'keep-alive'), (b'Date', b'Sat, 29 Aug 2026 08:15:18 GMT'), (b'ETag', b'W/"f-mY2VvLxuxB7KhsoOdQTlMTccuAQ"'), (b'X-Powered-By', b'huggingface-moon'), (b'X-Request-Id', b'Root=1-6a929516-314861ad02fba1b030cb2775;b576cc3c-b776-4391-a068-4cf4ef45b379'), (b'RateLimit', b'"resolvers";r=2985;t=246'), (b'RateLimit-Policy', b'"fixed window";"resolvers";q=3000;w=300'), (b'cross-origin-opener-policy', b'same-origin'), (b'Referrer-Policy', b'strict-origin-when-cross-origin'), (b'Access-Control-Max-Age', b'86400'), (b'Access-Control-Allow-Origin', b'https://huggingface.co'), (b'Vary', b'Origin'), (b'Access-Control-Expose-Headers', b'X-Repo-Commit,X-Request-Id,X-Error-Code,X-Error-Message,X-Total-Count,ETag,Link,Accept-Ranges,Content-Range,X-Linked-Size,X-Linked-ETag,X-Xet-Hash'), (b'X-Repo-Commit', b'5617a9f61b028005a4858fdac845db406aefb181'), (b'Accept-Ranges', b'bytes'), (b'X-Hub-Cache', b'MISS'), (b'X-Error-Code', b'EntryNotFound'), (b'X-Error-Message', b'Entry not found'), (b'X-Cache', b'Error from cloudfront'), (b'Via', b'1.1 744a1a944313f4cfdfc83fe056d50e50.cloudfront.net (CloudFront)'), (b'X-Amz-Cf-Pop', b'SIN2-P7'), (b'Alt-Svc', b'h3=":443"; ma=86400'), (b'X-Amz-Cf-Id', b'jh9VDXimTldBCgdvI_aNt-0mFx19j3mjf6Fc2emA0id1ekGcIVvoZg=='), (b'Strict-Transport-Security', b'max-age=31536000')])
16:15:18 INFO    HTTP Request: HEAD https://huggingface.co/BAAI/bge-m3/resolve/main/preprocessor_config.json "HTTP/1.1 404 Not Found"
16:15:18 DEBUG   receive_response_body.started request=<Request [b'HEAD']>
16:15:18 DEBUG   receive_response_body.complete
16:15:18 DEBUG   response_closed.started
16:15:18 DEBUG   response_closed.complete
16:15:18 DEBUG   send_request_headers.started request=<Request [b'HEAD']>
16:15:18 DEBUG   send_request_headers.complete
16:15:18 DEBUG   send_request_body.started request=<Request [b'HEAD']>
16:15:18 DEBUG   send_request_body.complete
16:15:18 DEBUG   receive_response_headers.started request=<Request [b'HEAD']>
16:15:19 DEBUG   receive_response_headers.complete return_value=(b'HTTP/1.1', 307, b'Temporary Redirect', [(b'Content-Type', b'text/plain; charset=utf-8'), (b'Content-Length', b'246'), (b'Connection', b'keep-alive'), (b'Date', b'Sat, 29 Aug 2026 08:15:18 GMT'), (b'Location', b'/api/resolve-cache/models/BAAI/bge-m3/5617a9f61b028005a4858fdac845db406aefb181/tokenizer_config.json?%2FBAAI%2Fbge-m3%2Fresolve%2Fmain%2Ftokenizer_config.json=&etag=%22dc69ac559dcba2694012009aaa108c614541789a%22'), (b'X-Powered-By', b'huggingface-moon'), (b'X-Request-Id', b'Root=1-6a929516-22f59c6513bc34aa2985a0af;7c6340da-58a8-4b30-8776-98d4fa71e098'), (b'RateLimit', b'"resolvers";r=2984;t=246'), (b'RateLimit-Policy', b'"fixed window";"resolvers";q=3000;w=300'), (b'cross-origin-opener-policy', b'same-origin'), (b'Referrer-Policy', b'strict-origin-when-cross-origin'), (b'Access-Control-Max-Age', b'86400'), (b'Access-Control-Allow-Origin', b'https://huggingface.co'), (b'Vary', b'Origin, Accept'), (b'Access-Control-Expose-Headers', b'X-Repo-Commit,X-Request-Id,X-Error-Code,X-Error-Message,X-Total-Count,ETag,Link,Accept-Ranges,Content-Range,X-Linked-Size,X-Linked-ETag,X-Xet-Hash'), (b'X-Repo-Commit', b'5617a9f61b028005a4858fdac845db406aefb181'), (b'Accept-Ranges', b'bytes'), (b'X-HF-Warning', b'unauthenticated; Warning: You are sending unauthenticated requests to the HF Hub. Please set a HF_TOKEN to enable higher rate limits and faster downloads.'), (b'X-Hub-Cache', b'HIT'), (b'Content-Disposition', b'inline; filename*=UTF-8\'\'tokenizer_config.json; filename="tokenizer_config.json";'), (b'Content-Security-Policy', b"default-src 'none'; sandbox"), (b'X-Linked-ETag', b'"dc69ac559dcba2694012009aaa108c614541789a"'), (b'X-Cache', b'Miss from cloudfront'), (b'Via', b'1.1 744a1a944313f4cfdfc83fe056d50e50.cloudfront.net (CloudFront)'), (b'X-Amz-Cf-Pop', b'SIN2-P7'), (b'Alt-Svc', b'h3=":443"; ma=86400'), (b'X-Amz-Cf-Id', b'dhbbBfgbwJn2duVJTpFqxybwS0yk6OeTlK4mc6Yu_Z0FVqnYJf_PcA=='), (b'Strict-Transport-Security', b'max-age=31536000')])
16:15:19 INFO    HTTP Request: HEAD https://huggingface.co/BAAI/bge-m3/resolve/main/tokenizer_config.json "HTTP/1.1 307 Temporary Redirect"
16:15:19 DEBUG   receive_response_body.started request=<Request [b'HEAD']>
16:15:19 DEBUG   receive_response_body.complete
16:15:19 DEBUG   response_closed.started
16:15:19 DEBUG   response_closed.complete
16:15:19 DEBUG   send_request_headers.started request=<Request [b'HEAD']>
16:15:19 DEBUG   send_request_headers.complete
16:15:19 DEBUG   send_request_body.started request=<Request [b'HEAD']>
16:15:19 DEBUG   send_request_body.complete
16:15:19 DEBUG   receive_response_headers.started request=<Request [b'HEAD']>
16:15:19 DEBUG   receive_response_headers.complete return_value=(b'HTTP/1.1', 200, b'OK', [(b'Content-Type', b'text/plain; charset=utf-8'), (b'Content-Length', b'444'), (b'Connection', b'keep-alive'), (b'Date', b'Thu, 12 Feb 2026 15:26:03 GMT'), (b'ETag', b'"dc69ac559dcba2694012009aaa108c614541789a"'), (b'X-Powered-By', b'huggingface-moon'), (b'X-Request-Id', b'5d2cbb65-053c-4a5b-a212-73925a07bef0'), (b'RateLimit', b'"resolvers";r=2962;t=157'), (b'RateLimit-Policy', b'"fixed window";"resolvers";q=3000;w=300'), (b'cross-origin-opener-policy', b'same-origin'), (b'Referrer-Policy', b'strict-origin-when-cross-origin'), (b'Access-Control-Max-Age', b'86400'), (b'Access-Control-Allow-Origin', b'https://huggingface.co'), (b'Access-Control-Expose-Headers', b'X-Repo-Commit,X-Request-Id,X-Error-Code,X-Error-Message,X-Total-Count,ETag,Link,Accept-Ranges,Content-Range,X-Linked-Size,X-Linked-ETag,X-Xet-Hash'), (b'X-Repo-Commit', b'5617a9f61b028005a4858fdac845db406aefb181'), (b'Accept-Ranges', b'bytes'), (b'Content-Disposition', b'inline; filename*=UTF-8\'\'tokenizer_config.json; filename="tokenizer_config.json";'), (b'Content-Security-Policy', b"default-src 'none'; sandbox"), (b'Vary', b'Origin'), (b'X-Cache', b'Hit from cloudfront'), (b'Via', b'1.1 744a1a944313f4cfdfc83fe056d50e50.cloudfront.net (CloudFront)'), (b'X-Amz-Cf-Pop', b'SIN2-P7'), (b'Alt-Svc', b'h3=":443"; ma=86400'), (b'X-Amz-Cf-Id', b'_xaYCTG5DMCZOACWTcFk5NcNmF3fkCTLI0N6LJeTXqF9mmQyzzdS4A=='), (b'Age', b'17081356'), (b'Strict-Transport-Security', b'max-age=31536000')])
16:15:19 INFO    HTTP Request: HEAD https://huggingface.co/api/resolve-cache/models/BAAI/bge-m3/5617a9f61b028005a4858fdac845db406aefb181/tokenizer_config.json "HTTP/1.1 200 OK"
16:15:19 DEBUG   receive_response_body.started request=<Request [b'HEAD']>
16:15:19 DEBUG   receive_response_body.complete
16:15:19 DEBUG   response_closed.started
16:15:19 DEBUG   response_closed.complete
16:15:19 DEBUG   send_request_headers.started request=<Request [b'HEAD']>
16:15:19 DEBUG   send_request_headers.complete
16:15:19 DEBUG   send_request_body.started request=<Request [b'HEAD']>
16:15:19 DEBUG   send_request_body.complete
16:15:19 DEBUG   receive_response_headers.started request=<Request [b'HEAD']>
16:15:19 DEBUG   receive_response_headers.complete return_value=(b'HTTP/1.1', 307, b'Temporary Redirect', [(b'Content-Type', b'text/plain; charset=utf-8'), (b'Content-Length', b'226'), (b'Connection', b'keep-alive'), (b'Date', b'Sat, 29 Aug 2026 08:15:19 GMT'), (b'Location', b'/api/resolve-cache/models/BAAI/bge-m3/5617a9f61b028005a4858fdac845db406aefb181/config.json?%2FBAAI%2Fbge-m3%2Fresolve%2Fmain%2Fconfig.json=&etag=%22e6eda1c72da8f9dc30fdd9b69c73d35af3b7a7ad%22'), (b'X-Powered-By', b'huggingface-moon'), (b'X-Request-Id', b'Root=1-6a929517-602124403109354745fa5c54;c76a9e27-3b39-43b7-a631-5d95465f7a6a'), (b'RateLimit', b'"resolvers";r=2983;t=245'), (b'RateLimit-Policy', b'"fixed window";"resolvers";q=3000;w=300'), (b'cross-origin-opener-policy', b'same-origin'), (b'Referrer-Policy', b'strict-origin-when-cross-origin'), (b'Access-Control-Max-Age', b'86400'), (b'Access-Control-Allow-Origin', b'https://huggingface.co'), (b'Vary', b'Origin, Accept'), (b'Access-Control-Expose-Headers', b'X-Repo-Commit,X-Request-Id,X-Error-Code,X-Error-Message,X-Total-Count,ETag,Link,Accept-Ranges,Content-Range,X-Linked-Size,X-Linked-ETag,X-Xet-Hash'), (b'X-Repo-Commit', b'5617a9f61b028005a4858fdac845db406aefb181'), (b'Accept-Ranges', b'bytes'), (b'X-HF-Warning', b'unauthenticated; Warning: You are sending unauthenticated requests to the HF Hub. Please set a HF_TOKEN to enable higher rate limits and faster downloads.'), (b'X-Hub-Cache', b'HIT'), (b'Content-Disposition', b'inline; filename*=UTF-8\'\'config.json; filename="config.json";'), (b'Content-Security-Policy', b"default-src 'none'; sandbox"), (b'X-Linked-ETag', b'"e6eda1c72da8f9dc30fdd9b69c73d35af3b7a7ad"'), (b'X-Cache', b'Miss from cloudfront'), (b'Via', b'1.1 744a1a944313f4cfdfc83fe056d50e50.cloudfront.net (CloudFront)'), (b'X-Amz-Cf-Pop', b'SIN2-P7'), (b'Alt-Svc', b'h3=":443"; ma=86400'), (b'X-Amz-Cf-Id', b'mAUJ-PTStoQbZetsxWqG57CsqdIzzS8ZTxip0Qn83I3WEBLQD1okLw=='), (b'Strict-Transport-Security', b'max-age=31536000')])
16:15:19 INFO    HTTP Request: HEAD https://huggingface.co/BAAI/bge-m3/resolve/main/config.json "HTTP/1.1 307 Temporary Redirect"
16:15:19 DEBUG   receive_response_body.started request=<Request [b'HEAD']>
16:15:19 DEBUG   receive_response_body.complete
16:15:19 DEBUG   response_closed.started
16:15:19 DEBUG   response_closed.complete
16:15:19 DEBUG   send_request_headers.started request=<Request [b'HEAD']>
16:15:19 DEBUG   send_request_headers.complete
16:15:19 DEBUG   send_request_body.started request=<Request [b'HEAD']>
16:15:19 DEBUG   send_request_body.complete
16:15:19 DEBUG   receive_response_headers.started request=<Request [b'HEAD']>
16:15:19 DEBUG   receive_response_headers.complete return_value=(b'HTTP/1.1', 200, b'OK', [(b'Content-Type', b'text/plain; charset=utf-8'), (b'Content-Length', b'687'), (b'Connection', b'keep-alive'), (b'Date', b'Sun, 31 Aug 2025 06:28:15 GMT'), (b'ETag', b'"e6eda1c72da8f9dc30fdd9b69c73d35af3b7a7ad"'), (b'X-Powered-By', b'huggingface-moon'), (b'cross-origin-opener-policy', b'same-origin'), (b'Referrer-Policy', b'strict-origin-when-cross-origin'), (b'X-Request-Id', b'Root=1-68b3eb7f-6fc2683f193c309340b63d27;022cb13d-c892-4a02-91d5-85bea5ae855a'), (b'Access-Control-Allow-Origin', b'https://huggingface.co'), (b'Access-Control-Expose-Headers', b'X-Repo-Commit,X-Request-Id,X-Error-Code,X-Error-Message,X-Total-Count,ETag,Link,Accept-Ranges,Content-Range,X-Linked-Size,X-Linked-ETag,X-Xet-Hash'), (b'X-Repo-Commit', b'5617a9f61b028005a4858fdac845db406aefb181'), (b'Accept-Ranges', b'bytes'), (b'Content-Disposition', b'inline; filename*=UTF-8\'\'config.json; filename="config.json";'), (b'Content-Security-Policy', b"default-src 'none'; sandbox"), (b'Vary', b'Origin'), (b'X-Cache', b'Hit from cloudfront'), (b'Via', b'1.1 744a1a944313f4cfdfc83fe056d50e50.cloudfront.net (CloudFront)'), (b'X-Amz-Cf-Pop', b'SIN2-P7'), (b'Alt-Svc', b'h3=":443"; ma=86400'), (b'X-Amz-Cf-Id', b'tIfjQ2wA0gwRNB-j4dsWuV3Qpy9jQF14TU4Lo-Gx1qswvl21GKClAA=='), (b'Age', b'31369624'), (b'Strict-Transport-Security', b'max-age=31536000')])
16:15:19 INFO    HTTP Request: HEAD https://huggingface.co/api/resolve-cache/models/BAAI/bge-m3/5617a9f61b028005a4858fdac845db406aefb181/config.json "HTTP/1.1 200 OK"
16:15:19 DEBUG   receive_response_body.started request=<Request [b'HEAD']>
16:15:19 DEBUG   receive_response_body.complete
16:15:19 DEBUG   response_closed.started
16:15:19 DEBUG   response_closed.complete
16:15:19 DEBUG   send_request_headers.started request=<Request [b'HEAD']>
16:15:19 DEBUG   send_request_headers.complete
16:15:19 DEBUG   send_request_body.started request=<Request [b'HEAD']>
16:15:19 DEBUG   send_request_body.complete
16:15:19 DEBUG   receive_response_headers.started request=<Request [b'HEAD']>
16:15:19 DEBUG   receive_response_headers.complete return_value=(b'HTTP/1.1', 307, b'Temporary Redirect', [(b'Content-Type', b'text/plain; charset=utf-8'), (b'Content-Length', b'226'), (b'Connection', b'keep-alive'), (b'Date', b'Sat, 29 Aug 2026 08:15:19 GMT'), (b'Location', b'/api/resolve-cache/models/BAAI/bge-m3/5617a9f61b028005a4858fdac845db406aefb181/config.json?%2FBAAI%2Fbge-m3%2Fresolve%2Fmain%2Fconfig.json=&etag=%22e6eda1c72da8f9dc30fdd9b69c73d35af3b7a7ad%22'), (b'X-Powered-By', b'huggingface-moon'), (b'X-Request-Id', b'Root=1-6a929517-5db86a171100b8550d840c61;43811537-b0d6-4003-af54-c8dcac24929d'), (b'RateLimit', b'"resolvers";r=2982;t=245'), (b'RateLimit-Policy', b'"fixed window";"resolvers";q=3000;w=300'), (b'cross-origin-opener-policy', b'same-origin'), (b'Referrer-Policy', b'strict-origin-when-cross-origin'), (b'Access-Control-Max-Age', b'86400'), (b'Access-Control-Allow-Origin', b'https://huggingface.co'), (b'Vary', b'Origin, Accept'), (b'Access-Control-Expose-Headers', b'X-Repo-Commit,X-Request-Id,X-Error-Code,X-Error-Message,X-Total-Count,ETag,Link,Accept-Ranges,Content-Range,X-Linked-Size,X-Linked-ETag,X-Xet-Hash'), (b'X-Repo-Commit', b'5617a9f61b028005a4858fdac845db406aefb181'), (b'Accept-Ranges', b'bytes'), (b'X-Hub-Cache', b'HIT'), (b'Content-Disposition', b'inline; filename*=UTF-8\'\'config.json; filename="config.json";'), (b'Content-Security-Policy', b"default-src 'none'; sandbox"), (b'X-Linked-ETag', b'"e6eda1c72da8f9dc30fdd9b69c73d35af3b7a7ad"'), (b'X-Cache', b'Miss from cloudfront'), (b'Via', b'1.1 744a1a944313f4cfdfc83fe056d50e50.cloudfront.net (CloudFront)'), (b'X-Amz-Cf-Pop', b'SIN2-P7'), (b'Alt-Svc', b'h3=":443"; ma=86400'), (b'X-Amz-Cf-Id', b'Bfv70yY4B7AUyVX-PI5PCaAEaXU9UgvStdfubrJGerHMJP629SSDSg=='), (b'Strict-Transport-Security', b'max-age=31536000')])
16:15:19 INFO    HTTP Request: HEAD https://huggingface.co/BAAI/bge-m3/resolve/main/config.json "HTTP/1.1 307 Temporary Redirect"
16:15:19 DEBUG   receive_response_body.started request=<Request [b'HEAD']>
16:15:19 DEBUG   receive_response_body.complete
16:15:19 DEBUG   response_closed.started
16:15:19 DEBUG   response_closed.complete
16:15:19 DEBUG   send_request_headers.started request=<Request [b'HEAD']>
16:15:19 DEBUG   send_request_headers.complete
16:15:19 DEBUG   send_request_body.started request=<Request [b'HEAD']>
16:15:19 DEBUG   send_request_body.complete
16:15:19 DEBUG   receive_response_headers.started request=<Request [b'HEAD']>
16:15:19 DEBUG   receive_response_headers.complete return_value=(b'HTTP/1.1', 200, b'OK', [(b'Content-Type', b'text/plain; charset=utf-8'), (b'Content-Length', b'687'), (b'Connection', b'keep-alive'), (b'Date', b'Sun, 31 Aug 2025 06:28:15 GMT'), (b'ETag', b'"e6eda1c72da8f9dc30fdd9b69c73d35af3b7a7ad"'), (b'X-Powered-By', b'huggingface-moon'), (b'cross-origin-opener-policy', b'same-origin'), (b'Referrer-Policy', b'strict-origin-when-cross-origin'), (b'X-Request-Id', b'Root=1-68b3eb7f-6fc2683f193c309340b63d27;022cb13d-c892-4a02-91d5-85bea5ae855a'), (b'Access-Control-Allow-Origin', b'https://huggingface.co'), (b'Access-Control-Expose-Headers', b'X-Repo-Commit,X-Request-Id,X-Error-Code,X-Error-Message,X-Total-Count,ETag,Link,Accept-Ranges,Content-Range,X-Linked-Size,X-Linked-ETag,X-Xet-Hash'), (b'X-Repo-Commit', b'5617a9f61b028005a4858fdac845db406aefb181'), (b'Accept-Ranges', b'bytes'), (b'Content-Disposition', b'inline; filename*=UTF-8\'\'config.json; filename="config.json";'), (b'Content-Security-Policy', b"default-src 'none'; sandbox"), (b'Vary', b'Origin'), (b'X-Cache', b'Hit from cloudfront'), (b'Via', b'1.1 744a1a944313f4cfdfc83fe056d50e50.cloudfront.net (CloudFront)'), (b'X-Amz-Cf-Pop', b'SIN2-P7'), (b'Alt-Svc', b'h3=":443"; ma=86400'), (b'X-Amz-Cf-Id', b'xrYToWY172hXMwBRi1geqp5cohP46fw9S1pgXwqrvvQlFrQpnw36pQ=='), (b'Age', b'31369624'), (b'Strict-Transport-Security', b'max-age=31536000')])
16:15:19 INFO    HTTP Request: HEAD https://huggingface.co/api/resolve-cache/models/BAAI/bge-m3/5617a9f61b028005a4858fdac845db406aefb181/config.json "HTTP/1.1 200 OK"
16:15:19 DEBUG   receive_response_body.started request=<Request [b'HEAD']>
16:15:19 DEBUG   receive_response_body.complete
16:15:19 DEBUG   response_closed.started
16:15:19 DEBUG   response_closed.complete
16:15:19 DEBUG   send_request_headers.started request=<Request [b'HEAD']>
16:15:19 DEBUG   send_request_headers.complete
16:15:19 DEBUG   send_request_body.started request=<Request [b'HEAD']>
16:15:19 DEBUG   send_request_body.complete
16:15:19 DEBUG   receive_response_headers.started request=<Request [b'HEAD']>
16:15:20 DEBUG   receive_response_headers.complete return_value=(b'HTTP/1.1', 307, b'Temporary Redirect', [(b'Content-Type', b'text/plain; charset=utf-8'), (b'Content-Length', b'246'), (b'Connection', b'keep-alive'), (b'Date', b'Sat, 29 Aug 2026 08:15:19 GMT'), (b'Location', b'/api/resolve-cache/models/BAAI/bge-m3/5617a9f61b028005a4858fdac845db406aefb181/tokenizer_config.json?%2FBAAI%2Fbge-m3%2Fresolve%2Fmain%2Ftokenizer_config.json=&etag=%22dc69ac559dcba2694012009aaa108c614541789a%22'), (b'X-Powered-By', b'huggingface-moon'), (b'X-Request-Id', b'Root=1-6a929517-4e8a08e00459ed2e367bf739;53a3754c-952b-4534-bbe9-07bcd0a0ef78'), (b'RateLimit', b'"resolvers";r=2981;t=245'), (b'RateLimit-Policy', b'"fixed window";"resolvers";q=3000;w=300'), (b'cross-origin-opener-policy', b'same-origin'), (b'Referrer-Policy', b'strict-origin-when-cross-origin'), (b'Access-Control-Max-Age', b'86400'), (b'Access-Control-Allow-Origin', b'https://huggingface.co'), (b'Vary', b'Origin, Accept'), (b'Access-Control-Expose-Headers', b'X-Repo-Commit,X-Request-Id,X-Error-Code,X-Error-Message,X-Total-Count,ETag,Link,Accept-Ranges,Content-Range,X-Linked-Size,X-Linked-ETag,X-Xet-Hash'), (b'X-Repo-Commit', b'5617a9f61b028005a4858fdac845db406aefb181'), (b'Accept-Ranges', b'bytes'), (b'X-HF-Warning', b'unauthenticated; Warning: You are sending unauthenticated requests to the HF Hub. Please set a HF_TOKEN to enable higher rate limits and faster downloads.'), (b'X-Hub-Cache', b'HIT'), (b'Content-Disposition', b'inline; filename*=UTF-8\'\'tokenizer_config.json; filename="tokenizer_config.json";'), (b'Content-Security-Policy', b"default-src 'none'; sandbox"), (b'X-Linked-ETag', b'"dc69ac559dcba2694012009aaa108c614541789a"'), (b'X-Cache', b'Miss from cloudfront'), (b'Via', b'1.1 744a1a944313f4cfdfc83fe056d50e50.cloudfront.net (CloudFront)'), (b'X-Amz-Cf-Pop', b'SIN2-P7'), (b'Alt-Svc', b'h3=":443"; ma=86400'), (b'X-Amz-Cf-Id', b'elZ7YhauuPqb1WlgJDvriDlDidKSaQYP1erCmeT1JbjSdbAqVmQJsQ=='), (b'Strict-Transport-Security', b'max-age=31536000')])
16:15:20 INFO    HTTP Request: HEAD https://huggingface.co/BAAI/bge-m3/resolve/main/tokenizer_config.json "HTTP/1.1 307 Temporary Redirect"
16:15:20 DEBUG   receive_response_body.started request=<Request [b'HEAD']>
16:15:20 DEBUG   receive_response_body.complete
16:15:20 DEBUG   response_closed.started
16:15:20 DEBUG   response_closed.complete
16:15:20 DEBUG   send_request_headers.started request=<Request [b'HEAD']>
16:15:20 DEBUG   send_request_headers.complete
16:15:20 DEBUG   send_request_body.started request=<Request [b'HEAD']>
16:15:20 DEBUG   send_request_body.complete
16:15:20 DEBUG   receive_response_headers.started request=<Request [b'HEAD']>
16:15:20 DEBUG   receive_response_headers.complete return_value=(b'HTTP/1.1', 200, b'OK', [(b'Content-Type', b'text/plain; charset=utf-8'), (b'Content-Length', b'444'), (b'Connection', b'keep-alive'), (b'Date', b'Thu, 12 Feb 2026 15:26:03 GMT'), (b'ETag', b'"dc69ac559dcba2694012009aaa108c614541789a"'), (b'X-Powered-By', b'huggingface-moon'), (b'X-Request-Id', b'5d2cbb65-053c-4a5b-a212-73925a07bef0'), (b'RateLimit', b'"resolvers";r=2962;t=157'), (b'RateLimit-Policy', b'"fixed window";"resolvers";q=3000;w=300'), (b'cross-origin-opener-policy', b'same-origin'), (b'Referrer-Policy', b'strict-origin-when-cross-origin'), (b'Access-Control-Max-Age', b'86400'), (b'Access-Control-Allow-Origin', b'https://huggingface.co'), (b'Access-Control-Expose-Headers', b'X-Repo-Commit,X-Request-Id,X-Error-Code,X-Error-Message,X-Total-Count,ETag,Link,Accept-Ranges,Content-Range,X-Linked-Size,X-Linked-ETag,X-Xet-Hash'), (b'X-Repo-Commit', b'5617a9f61b028005a4858fdac845db406aefb181'), (b'Accept-Ranges', b'bytes'), (b'Content-Disposition', b'inline; filename*=UTF-8\'\'tokenizer_config.json; filename="tokenizer_config.json";'), (b'Content-Security-Policy', b"default-src 'none'; sandbox"), (b'Vary', b'Origin'), (b'X-Cache', b'Hit from cloudfront'), (b'Via', b'1.1 744a1a944313f4cfdfc83fe056d50e50.cloudfront.net (CloudFront)'), (b'X-Amz-Cf-Pop', b'SIN2-P7'), (b'Alt-Svc', b'h3=":443"; ma=86400'), (b'X-Amz-Cf-Id', b'0_uPlN88xf4mYiC1KgKx_j2aLWzZPLcod8a5MaydxDpuy8KtUghBGg=='), (b'Age', b'17081356'), (b'Strict-Transport-Security', b'max-age=31536000')])
16:15:20 INFO    HTTP Request: HEAD https://huggingface.co/api/resolve-cache/models/BAAI/bge-m3/5617a9f61b028005a4858fdac845db406aefb181/tokenizer_config.json "HTTP/1.1 200 OK"
16:15:20 DEBUG   receive_response_body.started request=<Request [b'HEAD']>
16:15:20 DEBUG   receive_response_body.complete
16:15:20 DEBUG   response_closed.started
16:15:20 DEBUG   response_closed.complete
16:15:20 DEBUG   send_request_headers.started request=<Request [b'GET']>
16:15:20 DEBUG   send_request_headers.complete
16:15:20 DEBUG   send_request_body.started request=<Request [b'GET']>
16:15:20 DEBUG   send_request_body.complete
16:15:20 DEBUG   receive_response_headers.started request=<Request [b'GET']>
16:15:20 DEBUG   receive_response_headers.complete return_value=(b'HTTP/1.1', 404, b'Not Found', [(b'Content-Type', b'application/json; charset=utf-8'), (b'Content-Length', b'64'), (b'Connection', b'keep-alive'), (b'Date', b'Sat, 29 Aug 2026 08:15:20 GMT'), (b'ETag', b'W/"40-09f9IAqP13xarAhQxFS2W8rvRkM"'), (b'X-Powered-By', b'huggingface-moon'), (b'X-Request-Id', b'Root=1-6a929518-2fda62573ea2cf0725085962;ef2b4c49-3cf7-487a-a641-4a1f1356b456'), (b'RateLimit', b'"api";r=495;t=244'), (b'RateLimit-Policy', b'"fixed window";"api";q=500;w=300'), (b'cross-origin-opener-policy', b'same-origin'), (b'Referrer-Policy', b'strict-origin-when-cross-origin'), (b'Access-Control-Max-Age', b'86400'), (b'Access-Control-Allow-Origin', b'https://huggingface.co'), (b'Vary', b'Origin'), (b'Access-Control-Expose-Headers', b'X-Repo-Commit,X-Request-Id,X-Error-Code,X-Error-Message,X-Total-Count,ETag,Link,Accept-Ranges,Content-Range,X-Linked-Size,X-Linked-ETag,X-Xet-Hash'), (b'X-Error-Code', b'EntryNotFound'), (b'X-Error-Message', b'additional_chat_templates does not exist on "main"'), (b'X-Cache', b'Error from cloudfront'), (b'Via', b'1.1 744a1a944313f4cfdfc83fe056d50e50.cloudfront.net (CloudFront)'), (b'X-Amz-Cf-Pop', b'SIN2-P7'), (b'Alt-Svc', b'h3=":443"; ma=86400'), (b'X-Amz-Cf-Id', b'2WkQvgy3SdYyIvwiN1ds-C_kmwjeSi6O46k6vTSZIF-sBHkVPDt-5w=='), (b'Strict-Transport-Security', b'max-age=31536000')])
16:15:20 INFO    HTTP Request: GET https://huggingface.co/api/models/BAAI/bge-m3/tree/main/additional_chat_templates?recursive=false&expand=false "HTTP/1.1 404 Not Found"
16:15:20 DEBUG   receive_response_body.started request=<Request [b'GET']>
16:15:20 DEBUG   receive_response_body.complete
16:15:20 DEBUG   response_closed.started
16:15:20 DEBUG   response_closed.complete
16:15:20 DEBUG   send_request_headers.started request=<Request [b'GET']>
16:15:20 DEBUG   send_request_headers.complete
16:15:20 DEBUG   send_request_body.started request=<Request [b'GET']>
16:15:20 DEBUG   send_request_body.complete
16:15:20 DEBUG   receive_response_headers.started request=<Request [b'GET']>
16:15:20 DEBUG   receive_response_headers.complete return_value=(b'HTTP/1.1', 200, b'OK', [(b'Content-Type', b'application/json; charset=utf-8'), (b'Transfer-Encoding', b'chunked'), (b'Connection', b'keep-alive'), (b'Date', b'Sat, 29 Aug 2026 08:15:20 GMT'), (b'content-encoding', b'gzip'), (b'ETag', b'W/"1449-wl3dgqr2gs1a+DHPwEOIIoVmlmU"'), (b'X-Powered-By', b'huggingface-moon'), (b'X-Request-Id', b'Root=1-6a929518-6071b7b45d747fa35a593da7;1c6a35e0-febf-4e22-98be-872c33f9c473'), (b'RateLimit', b'"api";r=494;t=244'), (b'RateLimit-Policy', b'"fixed window";"api";q=500;w=300'), (b'cross-origin-opener-policy', b'same-origin'), (b'Referrer-Policy', b'strict-origin-when-cross-origin'), (b'Access-Control-Max-Age', b'86400'), (b'Access-Control-Allow-Origin', b'https://huggingface.co'), (b'Vary', b'Origin'), (b'vary', b'Accept-Encoding'), (b'Access-Control-Expose-Headers', b'X-Repo-Commit,X-Request-Id,X-Error-Code,X-Error-Message,X-Total-Count,ETag,Link,Accept-Ranges,Content-Range,X-Linked-Size,X-Linked-ETag,X-Xet-Hash'), (b'X-Cache', b'Miss from cloudfront'), (b'Via', b'1.1 744a1a944313f4cfdfc83fe056d50e50.cloudfront.net (CloudFront)'), (b'X-Amz-Cf-Pop', b'SIN2-P7'), (b'Alt-Svc', b'h3=":443"; ma=86400'), (b'X-Amz-Cf-Id', b'7Pu2FbS7BGL0yXU025XY4Src41wazwWkw0Hjpf8-0OCd6Qs6wF8B2w=='), (b'Strict-Transport-Security', b'max-age=31536000')])
16:15:20 INFO    HTTP Request: GET https://huggingface.co/api/models/BAAI/bge-m3/tree/main?recursive=true&expand=false "HTTP/1.1 200 OK"
16:15:20 DEBUG   receive_response_body.started request=<Request [b'GET']>
16:15:20 DEBUG   receive_response_body.complete
16:15:20 DEBUG   response_closed.started
16:15:20 DEBUG   response_closed.complete
16:15:25 DEBUG   close.started
16:15:25 DEBUG   close.complete
16:15:25 DEBUG   close.started
16:15:25 DEBUG   close.complete
16:15:25 DEBUG   connect_tcp.started host='huggingface.co' port=443 local_address=None timeout=None socket_options=None
16:15:25 DEBUG   connect_tcp.complete return_value=<httpcore._backends.sync.SyncStream object at 0x000001E08A039490>
16:15:25 DEBUG   start_tls.started ssl_context=<ssl.SSLContext object at 0x000001DFF331D520> server_hostname='huggingface.co' timeout=None
16:15:25 DEBUG   start_tls.complete return_value=<httpcore._backends.sync.SyncStream object at 0x000001E0829A0DD0>
16:15:25 DEBUG   send_request_headers.started request=<Request [b'GET']>
16:15:25 DEBUG   send_request_headers.complete
16:15:25 DEBUG   send_request_body.started request=<Request [b'GET']>
16:15:25 DEBUG   send_request_body.complete
16:15:25 DEBUG   receive_response_headers.started request=<Request [b'GET']>
16:15:25 DEBUG   receive_response_headers.complete return_value=(b'HTTP/1.1', 200, b'OK', [(b'Content-Type', b'application/json; charset=utf-8'), (b'Transfer-Encoding', b'chunked'), (b'Connection', b'keep-alive'), (b'Date', b'Sat, 29 Aug 2026 08:15:25 GMT'), (b'content-encoding', b'gzip'), (b'ETag', b'W/"14a9-z2m/IShexXMrLakRE1EpscuQGH8"'), (b'X-Powered-By', b'huggingface-moon'), (b'X-Request-Id', b'Root=1-6a92951d-3cd04b9117d070f625962c6b;095b0fca-c0d7-4a3c-a974-ab50205f1ea9'), (b'RateLimit', b'"api";r=493;t=239'), (b'RateLimit-Policy', b'"fixed window";"api";q=500;w=300'), (b'cross-origin-opener-policy', b'same-origin'), (b'Referrer-Policy', b'strict-origin-when-cross-origin'), (b'Access-Control-Max-Age', b'86400'), (b'Access-Control-Allow-Origin', b'https://huggingface.co'), (b'Vary', b'Origin'), (b'vary', b'Accept-Encoding'), (b'Access-Control-Expose-Headers', b'X-Repo-Commit,X-Request-Id,X-Error-Code,X-Error-Message,X-Total-Count,ETag,Link,Accept-Ranges,Content-Range,X-Linked-Size,X-Linked-ETag,X-Xet-Hash'), (b'X-Cache', b'Miss from cloudfront'), (b'Via', b'1.1 b024534674c17ec3a557bda0e5cbfd2a.cloudfront.net (CloudFront)'), (b'X-Amz-Cf-Pop', b'SIN2-P7'), (b'Alt-Svc', b'h3=":443"; ma=86400'), (b'X-Amz-Cf-Id', b'1UBP7ZVD3B4uzxITiU8eO1T8KtJ5ErRL3RPokxhhVKBkDM7_88vm0Q=='), (b'Strict-Transport-Security', b'max-age=31536000')])
16:15:25 INFO    HTTP Request: GET https://huggingface.co/api/models/BAAI/bge-m3 "HTTP/1.1 200 OK"
16:15:25 DEBUG   receive_response_body.started request=<Request [b'GET']>
16:15:25 DEBUG   receive_response_body.complete
16:15:25 DEBUG   response_closed.started
16:15:25 DEBUG   response_closed.complete
16:15:25 DEBUG   send_request_headers.started request=<Request [b'HEAD']>
16:15:25 DEBUG   send_request_headers.complete
16:15:25 DEBUG   send_request_body.started request=<Request [b'HEAD']>
16:15:25 DEBUG   send_request_body.complete
16:15:25 DEBUG   receive_response_headers.started request=<Request [b'HEAD']>
16:15:26 DEBUG   receive_response_headers.complete return_value=(b'HTTP/1.1', 307, b'Temporary Redirect', [(b'Content-Type', b'text/plain; charset=utf-8'), (b'Content-Length', b'250'), (b'Connection', b'keep-alive'), (b'Date', b'Sat, 29 Aug 2026 08:15:25 GMT'), (b'Location', b'/api/resolve-cache/models/BAAI/bge-m3/5617a9f61b028005a4858fdac845db406aefb181/1_Pooling%2Fconfig.json?%2FBAAI%2Fbge-m3%2Fresolve%2Fmain%2F1_Pooling%2Fconfig.json=&etag=%229bd85925f325e25246d94c4918dc02ab98f2a1b7%22'), (b'X-Powered-By', b'huggingface-moon'), (b'X-Request-Id', b'Root=1-6a92951d-0fbc0bf8613619f76014b60a;4cd6e784-0ce3-48f4-a32a-d775c86fff9c'), (b'RateLimit', b'"resolvers";r=2980;t=239'), (b'RateLimit-Policy', b'"fixed window";"resolvers";q=3000;w=300'), (b'cross-origin-opener-policy', b'same-origin'), (b'Referrer-Policy', b'strict-origin-when-cross-origin'), (b'Access-Control-Max-Age', b'86400'), (b'Access-Control-Allow-Origin', b'https://huggingface.co'), (b'Vary', b'Origin, Accept'), (b'Access-Control-Expose-Headers', b'X-Repo-Commit,X-Request-Id,X-Error-Code,X-Error-Message,X-Total-Count,ETag,Link,Accept-Ranges,Content-Range,X-Linked-Size,X-Linked-ETag,X-Xet-Hash'), (b'X-Repo-Commit', b'5617a9f61b028005a4858fdac845db406aefb181'), (b'Accept-Ranges', b'bytes'), (b'X-Hub-Cache', b'HIT'), (b'Content-Disposition', b'inline; filename*=UTF-8\'\'config.json; filename="config.json";'), (b'Content-Security-Policy', b"default-src 'none'; sandbox"), (b'X-Linked-ETag', b'"9bd85925f325e25246d94c4918dc02ab98f2a1b7"'), (b'X-Cache', b'Miss from cloudfront'), (b'Via', b'1.1 b024534674c17ec3a557bda0e5cbfd2a.cloudfront.net (CloudFront)'), (b'X-Amz-Cf-Pop', b'SIN2-P7'), (b'Alt-Svc', b'h3=":443"; ma=86400'), (b'X-Amz-Cf-Id', b'13G7E6Z3zZZaXnUfo786HiypTDP5XPuymePXooMUuvQ7fy-k6aNe7Q=='), (b'Strict-Transport-Security', b'max-age=31536000')])
16:15:26 INFO    HTTP Request: HEAD https://huggingface.co/BAAI/bge-m3/resolve/main/1_Pooling/config.json "HTTP/1.1 307 Temporary Redirect"
16:15:26 DEBUG   receive_response_body.started request=<Request [b'HEAD']>
16:15:26 DEBUG   receive_response_body.complete
16:15:26 DEBUG   response_closed.started
16:15:26 DEBUG   response_closed.complete
16:15:26 DEBUG   send_request_headers.started request=<Request [b'HEAD']>
16:15:26 DEBUG   send_request_headers.complete
16:15:26 DEBUG   send_request_body.started request=<Request [b'HEAD']>
16:15:26 DEBUG   send_request_body.complete
16:15:26 DEBUG   receive_response_headers.started request=<Request [b'HEAD']>
16:15:26 DEBUG   receive_response_headers.complete return_value=(b'HTTP/1.1', 200, b'OK', [(b'Content-Type', b'text/plain; charset=utf-8'), (b'Content-Length', b'191'), (b'Connection', b'keep-alive'), (b'Date', b'Fri, 19 Jun 2026 02:17:04 GMT'), (b'ETag', b'"9bd85925f325e25246d94c4918dc02ab98f2a1b7"'), (b'X-Powered-By', b'huggingface-moon'), (b'X-Request-Id', b'Root=1-6a34a6a0-21bfe7ae718f464642e3d70c'), (b'RateLimit', b'"resolvers";r=2996;t=132'), (b'RateLimit-Policy', b'"fixed window";"resolvers";q=3000;w=300'), (b'cross-origin-opener-policy', b'same-origin'), (b'Referrer-Policy', b'strict-origin-when-cross-origin'), (b'Access-Control-Max-Age', b'86400'), (b'Access-Control-Allow-Origin', b'https://huggingface.co'), (b'Access-Control-Expose-Headers', b'X-Repo-Commit,X-Request-Id,X-Error-Code,X-Error-Message,X-Total-Count,ETag,Link,Accept-Ranges,Content-Range,X-Linked-Size,X-Linked-ETag,X-Xet-Hash'), (b'X-Repo-Commit', b'5617a9f61b028005a4858fdac845db406aefb181'), (b'Accept-Ranges', b'bytes'), (b'Content-Disposition', b'inline; filename*=UTF-8\'\'config.json; filename="config.json";'), (b'Content-Security-Policy', b"default-src 'none'; sandbox"), (b'Vary', b'Origin'), (b'X-Cache', b'Hit from cloudfront'), (b'Via', b'1.1 b024534674c17ec3a557bda0e5cbfd2a.cloudfront.net (CloudFront)'), (b'X-Amz-Cf-Pop', b'SIN2-P7'), (b'Alt-Svc', b'h3=":443"; ma=86400'), (b'X-Amz-Cf-Id', b'6fw7vvPrQfrSTvUZZAWiX9jygjRkVsaPD2B-xIspoij4LZuEkYadrA=='), (b'Age', b'6155902'), (b'Strict-Transport-Security', b'max-age=31536000')])
16:15:26 INFO    HTTP Request: HEAD https://huggingface.co/api/resolve-cache/models/BAAI/bge-m3/5617a9f61b028005a4858fdac845db406aefb181/1_Pooling%2Fconfig.json "HTTP/1.1 200 OK"
16:15:26 DEBUG   receive_response_body.started request=<Request [b'HEAD']>
16:15:26 DEBUG   receive_response_body.complete
16:15:26 DEBUG   response_closed.started
16:15:26 DEBUG   response_closed.complete
16:15:26 DEBUG   send_request_headers.started request=<Request [b'HEAD']>
16:15:26 DEBUG   send_request_headers.complete
16:15:26 DEBUG   send_request_body.started request=<Request [b'HEAD']>
16:15:26 DEBUG   send_request_body.complete
16:15:26 DEBUG   receive_response_headers.started request=<Request [b'HEAD']>
16:15:26 DEBUG   receive_response_headers.complete return_value=(b'HTTP/1.1', 404, b'Not Found', [(b'Content-Type', b'text/plain; charset=utf-8'), (b'Content-Length', b'15'), (b'Connection', b'keep-alive'), (b'Date', b'Sat, 29 Aug 2026 08:15:26 GMT'), (b'ETag', b'W/"f-mY2VvLxuxB7KhsoOdQTlMTccuAQ"'), (b'X-Powered-By', b'huggingface-moon'), (b'X-Request-Id', b'Root=1-6a92951e-36fea6ba078227c357cd589c;f4367ded-2cb7-41b0-b0ca-0fa4d080f6a0'), (b'RateLimit', b'"resolvers";r=2979;t=238'), (b'RateLimit-Policy', b'"fixed window";"resolvers";q=3000;w=300'), (b'cross-origin-opener-policy', b'same-origin'), (b'Referrer-Policy', b'strict-origin-when-cross-origin'), (b'Access-Control-Max-Age', b'86400'), (b'Access-Control-Allow-Origin', b'https://huggingface.co'), (b'Vary', b'Origin'), (b'Access-Control-Expose-Headers', b'X-Repo-Commit,X-Request-Id,X-Error-Code,X-Error-Message,X-Total-Count,ETag,Link,Accept-Ranges,Content-Range,X-Linked-Size,X-Linked-ETag,X-Xet-Hash'), (b'X-Repo-Commit', b'5617a9f61b028005a4858fdac845db406aefb181'), (b'Accept-Ranges', b'bytes'), (b'X-HF-Warning', b'unauthenticated; Warning: You are sending unauthenticated requests to the HF Hub. Please set a HF_TOKEN to enable higher rate limits and faster downloads.'), (b'X-Hub-Cache', b'MISS'), (b'X-Error-Code', b'EntryNotFound'), (b'X-Error-Message', b'Entry not found'), (b'X-Cache', b'Error from cloudfront'), (b'Via', b'1.1 b024534674c17ec3a557bda0e5cbfd2a.cloudfront.net (CloudFront)'), (b'X-Amz-Cf-Pop', b'SIN2-P7'), (b'Alt-Svc', b'h3=":443"; ma=86400'), (b'X-Amz-Cf-Id', b'UvP0yknuxs8ZoTlHffJ0qMYjE6RfSTiRwYls7_hZm3Lg-MCL7rsAXA=='), (b'Strict-Transport-Security', b'max-age=31536000')])
16:15:26 INFO    HTTP Request: HEAD https://huggingface.co/BAAI/bge-m3/resolve/main/2_Normalize/config.json "HTTP/1.1 404 Not Found"
16:15:26 DEBUG   receive_response_body.started request=<Request [b'HEAD']>
16:15:26 DEBUG   receive_response_body.complete
16:15:26 DEBUG   response_closed.started
16:15:26 DEBUG   response_closed.complete
16:15:26 DEBUG   send_request_headers.started request=<Request [b'GET']>
16:15:26 DEBUG   send_request_headers.complete
16:15:26 DEBUG   send_request_body.started request=<Request [b'GET']>
16:15:26 DEBUG   send_request_body.complete
16:15:26 DEBUG   receive_response_headers.started request=<Request [b'GET']>
16:15:26 DEBUG   receive_response_headers.complete return_value=(b'HTTP/1.1', 200, b'OK', [(b'Content-Type', b'application/json; charset=utf-8'), (b'Transfer-Encoding', b'chunked'), (b'Connection', b'keep-alive'), (b'Date', b'Sat, 29 Aug 2026 08:15:26 GMT'), (b'content-encoding', b'gzip'), (b'ETag', b'W/"14a9-z2m/IShexXMrLakRE1EpscuQGH8"'), (b'X-Powered-By', b'huggingface-moon'), (b'X-Request-Id', b'Root=1-6a92951e-334bb96118c260f578c25785;ff5f535b-2633-4c82-a6d3-d19d75cd04d6'), (b'RateLimit', b'"api";r=492;t=238'), (b'RateLimit-Policy', b'"fixed window";"api";q=500;w=300'), (b'cross-origin-opener-policy', b'same-origin'), (b'Referrer-Policy', b'strict-origin-when-cross-origin'), (b'Access-Control-Max-Age', b'86400'), (b'Access-Control-Allow-Origin', b'https://huggingface.co'), (b'Vary', b'Origin'), (b'vary', b'Accept-Encoding'), (b'Access-Control-Expose-Headers', b'X-Repo-Commit,X-Request-Id,X-Error-Code,X-Error-Message,X-Total-Count,ETag,Link,Accept-Ranges,Content-Range,X-Linked-Size,X-Linked-ETag,X-Xet-Hash'), (b'X-Cache', b'Miss from cloudfront'), (b'Via', b'1.1 b024534674c17ec3a557bda0e5cbfd2a.cloudfront.net (CloudFront)'), (b'X-Amz-Cf-Pop', b'SIN2-P7'), (b'Alt-Svc', b'h3=":443"; ma=86400'), (b'X-Amz-Cf-Id', b'NED9GcvBtPlIGPadOb7mpRnEM4UBH7v4Uldl_CSl3ix6JQB7nMs2qA=='), (b'Strict-Transport-Security', b'max-age=31536000')])
16:15:26 INFO    HTTP Request: GET https://huggingface.co/api/models/BAAI/bge-m3 "HTTP/1.1 200 OK"
16:15:26 DEBUG   receive_response_body.started request=<Request [b'GET']>
16:15:26 DEBUG   receive_response_body.complete
16:15:26 DEBUG   response_closed.started
16:15:26 DEBUG   response_closed.complete
16:15:29 INFO    [embed] model ready in 16.6s (dim=1024, max_seq_length=512)
16:22:46 DEBUG   close.started
16:22:46 DEBUG   close.complete
16:22:54 INFO    ==============================================================================
16:22:54 INFO    STAGE: embedding throughput benchmark
16:22:54 INFO    ==============================================================================
16:22:54 INFO    [embed] manifest: 600 documents, fingerprint=5d13ea96b85d6c27d58c7ee72dc95aae
16:22:54 INFO    [embed] resuming existing embedding cache (H:\work\mygithub\enterpriseAI-knowledge\kb_classifier_bootstrap\work\embeddings\state.json)
16:22:54 INFO    [embed] 0/3 shards already complete (0/600 documents, 0.0%)
16:22:54 INFO    [embed] 3 shard(s) remaining (~600 documents)
16:23:11 INFO    [embed] loading BAAI/bge-m3 on cuda (fp16=True) ...
16:23:12 DEBUG   connect_tcp.started host='huggingface.co' port=443 local_address=None timeout=10 socket_options=None
16:23:12 DEBUG   connect_tcp.complete return_value=<httpcore._backends.sync.SyncStream object at 0x000001B1FE14C6D0>
16:23:12 DEBUG   start_tls.started ssl_context=<ssl.SSLContext object at 0x000001B1FE0DD520> server_hostname='huggingface.co' timeout=10
16:23:12 DEBUG   start_tls.complete return_value=<httpcore._backends.sync.SyncStream object at 0x000001B1FE14FDD0>
16:23:12 DEBUG   send_request_headers.started request=<Request [b'HEAD']>
16:23:12 DEBUG   send_request_headers.complete
16:23:12 DEBUG   send_request_body.started request=<Request [b'HEAD']>
16:23:12 DEBUG   send_request_body.complete
16:23:12 DEBUG   receive_response_headers.started request=<Request [b'HEAD']>
16:23:13 DEBUG   receive_response_headers.complete return_value=(b'HTTP/1.1', 307, b'Temporary Redirect', [(b'Content-Type', b'text/plain; charset=utf-8'), (b'Content-Length', b'228'), (b'Connection', b'keep-alive'), (b'Date', b'Sat, 29 Aug 2026 08:23:12 GMT'), (b'Location', b'/api/resolve-cache/models/BAAI/bge-m3/5617a9f61b028005a4858fdac845db406aefb181/modules.json?%2FBAAI%2Fbge-m3%2Fresolve%2Fmain%2Fmodules.json=&etag=%22952a9b81c0bfd99800fabf352f69c7ccd46c5e43%22'), (b'X-Powered-By', b'huggingface-moon'), (b'X-Request-Id', b'Root=1-6a9296f0-180e0eb906fd325f4a5b3848;2623ee51-0832-4537-9d12-cca2befcdeac'), (b'RateLimit', b'"resolvers";r=2999;t=72'), (b'RateLimit-Policy', b'"fixed window";"resolvers";q=3000;w=300'), (b'cross-origin-opener-policy', b'same-origin'), (b'Referrer-Policy', b'strict-origin-when-cross-origin'), (b'Access-Control-Max-Age', b'86400'), (b'Access-Control-Allow-Origin', b'https://huggingface.co'), (b'Vary', b'Origin, Accept'), (b'Access-Control-Expose-Headers', b'X-Repo-Commit,X-Request-Id,X-Error-Code,X-Error-Message,X-Total-Count,ETag,Link,Accept-Ranges,Content-Range,X-Linked-Size,X-Linked-ETag,X-Xet-Hash'), (b'X-Repo-Commit', b'5617a9f61b028005a4858fdac845db406aefb181'), (b'Accept-Ranges', b'bytes'), (b'X-HF-Warning', b'unauthenticated; Warning: You are sending unauthenticated requests to the HF Hub. Please set a HF_TOKEN to enable higher rate limits and faster downloads.'), (b'X-Hub-Cache', b'HIT'), (b'Content-Disposition', b'inline; filename*=UTF-8\'\'modules.json; filename="modules.json";'), (b'Content-Security-Policy', b"default-src 'none'; sandbox"), (b'X-Linked-ETag', b'"952a9b81c0bfd99800fabf352f69c7ccd46c5e43"'), (b'X-Cache', b'Miss from cloudfront'), (b'Via', b'1.1 7e99b7501d332edd3ad24dfb6f2ef80c.cloudfront.net (CloudFront)'), (b'X-Amz-Cf-Pop', b'SIN2-P7'), (b'Alt-Svc', b'h3=":443"; ma=86400'), (b'X-Amz-Cf-Id', b'08gfsAcomT6jxJwNJJd7VSEbxxqF9JDWU_H9SMJVWSK_xbS73YeZkA=='), (b'Strict-Transport-Security', b'max-age=31536000')])
16:23:13 INFO    HTTP Request: HEAD https://huggingface.co/BAAI/bge-m3/resolve/main/modules.json "HTTP/1.1 307 Temporary Redirect"
16:23:13 DEBUG   receive_response_body.started request=<Request [b'HEAD']>
16:23:13 DEBUG   receive_response_body.complete
16:23:13 DEBUG   response_closed.started
16:23:13 DEBUG   response_closed.complete
16:23:13 WARNING Warning: You are sending unauthenticated requests to the HF Hub. Please set a HF_TOKEN to enable higher rate limits and faster downloads.
16:23:13 DEBUG   send_request_headers.started request=<Request [b'HEAD']>
16:23:13 DEBUG   send_request_headers.complete
16:23:13 DEBUG   send_request_body.started request=<Request [b'HEAD']>
16:23:13 DEBUG   send_request_body.complete
16:23:13 DEBUG   receive_response_headers.started request=<Request [b'HEAD']>
16:23:13 DEBUG   receive_response_headers.complete return_value=(b'HTTP/1.1', 200, b'OK', [(b'Content-Type', b'text/plain; charset=utf-8'), (b'Content-Length', b'349'), (b'Connection', b'keep-alive'), (b'Date', b'Fri, 19 Jun 2026 02:17:04 GMT'), (b'ETag', b'"952a9b81c0bfd99800fabf352f69c7ccd46c5e43"'), (b'X-Powered-By', b'huggingface-moon'), (b'X-Request-Id', b'Root=1-6a34a6a0-458fd28b3432a0496c9e0658'), (b'RateLimit', b'"resolvers";r=2997;t=236'), (b'RateLimit-Policy', b'"fixed window";"resolvers";q=3000;w=300'), (b'cross-origin-opener-policy', b'same-origin'), (b'Referrer-Policy', b'strict-origin-when-cross-origin'), (b'Access-Control-Max-Age', b'86400'), (b'Access-Control-Allow-Origin', b'https://huggingface.co'), (b'Access-Control-Expose-Headers', b'X-Repo-Commit,X-Request-Id,X-Error-Code,X-Error-Message,X-Total-Count,ETag,Link,Accept-Ranges,Content-Range,X-Linked-Size,X-Linked-ETag,X-Xet-Hash'), (b'X-Repo-Commit', b'5617a9f61b028005a4858fdac845db406aefb181'), (b'Accept-Ranges', b'bytes'), (b'Content-Disposition', b'inline; filename*=UTF-8\'\'modules.json; filename="modules.json";'), (b'Content-Security-Policy', b"default-src 'none'; sandbox"), (b'Vary', b'Origin'), (b'X-Cache', b'Hit from cloudfront'), (b'Via', b'1.1 7e99b7501d332edd3ad24dfb6f2ef80c.cloudfront.net (CloudFront)'), (b'X-Amz-Cf-Pop', b'SIN2-P7'), (b'Alt-Svc', b'h3=":443"; ma=86400'), (b'X-Amz-Cf-Id', b'yR-3eZWUwoxVyp3ximtCUGb_V6TNhfCZYb-XcJVPKiIE7mQMPAaPig=='), (b'Age', b'6156369'), (b'Strict-Transport-Security', b'max-age=31536000')])
16:23:13 INFO    HTTP Request: HEAD https://huggingface.co/api/resolve-cache/models/BAAI/bge-m3/5617a9f61b028005a4858fdac845db406aefb181/modules.json "HTTP/1.1 200 OK"
16:23:13 DEBUG   receive_response_body.started request=<Request [b'HEAD']>
16:23:13 DEBUG   receive_response_body.complete
16:23:13 DEBUG   response_closed.started
16:23:13 DEBUG   response_closed.complete
16:23:13 DEBUG   send_request_headers.started request=<Request [b'HEAD']>
16:23:13 DEBUG   send_request_headers.complete
16:23:13 DEBUG   send_request_body.started request=<Request [b'HEAD']>
16:23:13 DEBUG   send_request_body.complete
16:23:13 DEBUG   receive_response_headers.started request=<Request [b'HEAD']>
16:23:13 DEBUG   receive_response_headers.complete return_value=(b'HTTP/1.1', 307, b'Temporary Redirect', [(b'Content-Type', b'text/plain; charset=utf-8'), (b'Content-Length', b'270'), (b'Connection', b'keep-alive'), (b'Date', b'Sat, 29 Aug 2026 08:23:13 GMT'), (b'Location', b'/api/resolve-cache/models/BAAI/bge-m3/5617a9f61b028005a4858fdac845db406aefb181/config_sentence_transformers.json?%2FBAAI%2Fbge-m3%2Fresolve%2Fmain%2Fconfig_sentence_transformers.json=&etag=%221fba91c78a6c8e17227058ab6d4d3acb5d8630a9%22'), (b'X-Powered-By', b'huggingface-moon'), (b'X-Request-Id', b'Root=1-6a9296f1-0ec688c35222eb4c060108c3;2fd67fd2-dbe0-403a-b95c-0d3690c710d3'), (b'RateLimit', b'"resolvers";r=2998;t=71'), (b'RateLimit-Policy', b'"fixed window";"resolvers";q=3000;w=300'), (b'cross-origin-opener-policy', b'same-origin'), (b'Referrer-Policy', b'strict-origin-when-cross-origin'), (b'Access-Control-Max-Age', b'86400'), (b'Access-Control-Allow-Origin', b'https://huggingface.co'), (b'Vary', b'Origin, Accept'), (b'Access-Control-Expose-Headers', b'X-Repo-Commit,X-Request-Id,X-Error-Code,X-Error-Message,X-Total-Count,ETag,Link,Accept-Ranges,Content-Range,X-Linked-Size,X-Linked-ETag,X-Xet-Hash'), (b'X-Repo-Commit', b'5617a9f61b028005a4858fdac845db406aefb181'), (b'Accept-Ranges', b'bytes'), (b'X-HF-Warning', b'unauthenticated; Warning: You are sending unauthenticated requests to the HF Hub. Please set a HF_TOKEN to enable higher rate limits and faster downloads.'), (b'X-Hub-Cache', b'HIT'), (b'Content-Disposition', b'inline; filename*=UTF-8\'\'config_sentence_transformers.json; filename="config_sentence_transformers.json";'), (b'Content-Security-Policy', b"default-src 'none'; sandbox"), (b'X-Linked-ETag', b'"1fba91c78a6c8e17227058ab6d4d3acb5d8630a9"'), (b'X-Cache', b'Miss from cloudfront'), (b'Via', b'1.1 7e99b7501d332edd3ad24dfb6f2ef80c.cloudfront.net (CloudFront)'), (b'X-Amz-Cf-Pop', b'SIN2-P7'), (b'Alt-Svc', b'h3=":443"; ma=86400'), (b'X-Amz-Cf-Id', b'kRHkQxnVElFf1J69jexi8E-avW0Hd_kpVC0OkiIU4rX17aMlenIqwQ=='), (b'Strict-Transport-Security', b'max-age=31536000')])
16:23:13 INFO    HTTP Request: HEAD https://huggingface.co/BAAI/bge-m3/resolve/main/config_sentence_transformers.json "HTTP/1.1 307 Temporary Redirect"
16:23:13 DEBUG   receive_response_body.started request=<Request [b'HEAD']>
16:23:13 DEBUG   receive_response_body.complete
16:23:13 DEBUG   response_closed.started
16:23:13 DEBUG   response_closed.complete
16:23:13 DEBUG   send_request_headers.started request=<Request [b'HEAD']>
16:23:13 DEBUG   send_request_headers.complete
16:23:13 DEBUG   send_request_body.started request=<Request [b'HEAD']>
16:23:13 DEBUG   send_request_body.complete
16:23:13 DEBUG   receive_response_headers.started request=<Request [b'HEAD']>
16:23:13 DEBUG   receive_response_headers.complete return_value=(b'HTTP/1.1', 200, b'OK', [(b'Content-Type', b'text/plain; charset=utf-8'), (b'Content-Length', b'123'), (b'Connection', b'keep-alive'), (b'Date', b'Wed, 08 Jul 2026 14:13:08 GMT'), (b'ETag', b'"1fba91c78a6c8e17227058ab6d4d3acb5d8630a9"'), (b'X-Powered-By', b'huggingface-moon'), (b'X-Request-Id', b'Root=1-6a4e5af4-524a2bfd7786be8e75d7bb19'), (b'RateLimit', b'"resolvers";r=2992;t=196'), (b'RateLimit-Policy', b'"fixed window";"resolvers";q=3000;w=300'), (b'cross-origin-opener-policy', b'same-origin'), (b'Referrer-Policy', b'strict-origin-when-cross-origin'), (b'Access-Control-Max-Age', b'86400'), (b'Access-Control-Allow-Origin', b'https://huggingface.co'), (b'Access-Control-Expose-Headers', b'X-Repo-Commit,X-Request-Id,X-Error-Code,X-Error-Message,X-Total-Count,ETag,Link,Accept-Ranges,Content-Range,X-Linked-Size,X-Linked-ETag,X-Xet-Hash'), (b'X-Repo-Commit', b'5617a9f61b028005a4858fdac845db406aefb181'), (b'Accept-Ranges', b'bytes'), (b'Content-Disposition', b'inline; filename*=UTF-8\'\'config_sentence_transformers.json; filename="config_sentence_transformers.json";'), (b'Content-Security-Policy', b"default-src 'none'; sandbox"), (b'Vary', b'Origin'), (b'X-Cache', b'Hit from cloudfront'), (b'Via', b'1.1 7e99b7501d332edd3ad24dfb6f2ef80c.cloudfront.net (CloudFront)'), (b'X-Amz-Cf-Pop', b'SIN2-P7'), (b'Alt-Svc', b'h3=":443"; ma=86400'), (b'X-Amz-Cf-Id', b'426l0VZH4_oDb2x5pE03UMtY94pBu9zlYOS0T5ETcnMSv518y0o55Q=='), (b'Age', b'4471805'), (b'Strict-Transport-Security', b'max-age=31536000')])
16:23:13 INFO    HTTP Request: HEAD https://huggingface.co/api/resolve-cache/models/BAAI/bge-m3/5617a9f61b028005a4858fdac845db406aefb181/config_sentence_transformers.json "HTTP/1.1 200 OK"
16:23:13 DEBUG   receive_response_body.started request=<Request [b'HEAD']>
16:23:13 DEBUG   receive_response_body.complete
16:23:13 DEBUG   response_closed.started
16:23:13 DEBUG   response_closed.complete
16:23:13 DEBUG   send_request_headers.started request=<Request [b'HEAD']>
16:23:13 DEBUG   send_request_headers.complete
16:23:13 DEBUG   send_request_body.started request=<Request [b'HEAD']>
16:23:13 DEBUG   send_request_body.complete
16:23:13 DEBUG   receive_response_headers.started request=<Request [b'HEAD']>
16:23:13 DEBUG   receive_response_headers.complete return_value=(b'HTTP/1.1', 307, b'Temporary Redirect', [(b'Content-Type', b'text/plain; charset=utf-8'), (b'Content-Length', b'270'), (b'Connection', b'keep-alive'), (b'Date', b'Sat, 29 Aug 2026 08:23:13 GMT'), (b'Location', b'/api/resolve-cache/models/BAAI/bge-m3/5617a9f61b028005a4858fdac845db406aefb181/config_sentence_transformers.json?%2FBAAI%2Fbge-m3%2Fresolve%2Fmain%2Fconfig_sentence_transformers.json=&etag=%221fba91c78a6c8e17227058ab6d4d3acb5d8630a9%22'), (b'X-Powered-By', b'huggingface-moon'), (b'X-Request-Id', b'Root=1-6a9296f1-287c4d865944a54358b5a30c;f33bb859-cd19-42e3-9f1e-75549a5419eb'), (b'RateLimit', b'"resolvers";r=2997;t=71'), (b'RateLimit-Policy', b'"fixed window";"resolvers";q=3000;w=300'), (b'cross-origin-opener-policy', b'same-origin'), (b'Referrer-Policy', b'strict-origin-when-cross-origin'), (b'Access-Control-Max-Age', b'86400'), (b'Access-Control-Allow-Origin', b'https://huggingface.co'), (b'Vary', b'Origin, Accept'), (b'Access-Control-Expose-Headers', b'X-Repo-Commit,X-Request-Id,X-Error-Code,X-Error-Message,X-Total-Count,ETag,Link,Accept-Ranges,Content-Range,X-Linked-Size,X-Linked-ETag,X-Xet-Hash'), (b'X-Repo-Commit', b'5617a9f61b028005a4858fdac845db406aefb181'), (b'Accept-Ranges', b'bytes'), (b'X-HF-Warning', b'unauthenticated; Warning: You are sending unauthenticated requests to the HF Hub. Please set a HF_TOKEN to enable higher rate limits and faster downloads.'), (b'X-Hub-Cache', b'HIT'), (b'Content-Disposition', b'inline; filename*=UTF-8\'\'config_sentence_transformers.json; filename="config_sentence_transformers.json";'), (b'Content-Security-Policy', b"default-src 'none'; sandbox"), (b'X-Linked-ETag', b'"1fba91c78a6c8e17227058ab6d4d3acb5d8630a9"'), (b'X-Cache', b'Miss from cloudfront'), (b'Via', b'1.1 7e99b7501d332edd3ad24dfb6f2ef80c.cloudfront.net (CloudFront)'), (b'X-Amz-Cf-Pop', b'SIN2-P7'), (b'Alt-Svc', b'h3=":443"; ma=86400'), (b'X-Amz-Cf-Id', b'yFOabWAG3ZRolkkDhjEGmVabmM53EeKLwbApMeAwM9UM_48cyK-2gA=='), (b'Strict-Transport-Security', b'max-age=31536000')])
16:23:13 INFO    HTTP Request: HEAD https://huggingface.co/BAAI/bge-m3/resolve/main/config_sentence_transformers.json "HTTP/1.1 307 Temporary Redirect"
16:23:13 DEBUG   receive_response_body.started request=<Request [b'HEAD']>
16:23:13 DEBUG   receive_response_body.complete
16:23:13 DEBUG   response_closed.started
16:23:13 DEBUG   response_closed.complete
16:23:13 DEBUG   send_request_headers.started request=<Request [b'HEAD']>
16:23:13 DEBUG   send_request_headers.complete
16:23:13 DEBUG   send_request_body.started request=<Request [b'HEAD']>
16:23:13 DEBUG   send_request_body.complete
16:23:13 DEBUG   receive_response_headers.started request=<Request [b'HEAD']>
16:23:13 DEBUG   receive_response_headers.complete return_value=(b'HTTP/1.1', 200, b'OK', [(b'Content-Type', b'text/plain; charset=utf-8'), (b'Content-Length', b'123'), (b'Connection', b'keep-alive'), (b'Date', b'Sun, 14 Jun 2026 14:03:07 GMT'), (b'X-Powered-By', b'huggingface-moon'), (b'X-Request-Id', b'Root=1-6a2eb49b-0ed01ab64d311970634c051a;f6215740-f898-47f1-b977-7909507522f4'), (b'RateLimit', b'"resolvers";r=2999;t=221'), (b'RateLimit-Policy', b'"fixed window";"resolvers";q=3000;w=300'), (b'cross-origin-opener-policy', b'same-origin'), (b'Referrer-Policy', b'strict-origin-when-cross-origin'), (b'Access-Control-Max-Age', b'86400'), (b'Access-Control-Allow-Origin', b'https://huggingface.co'), (b'Access-Control-Expose-Headers', b'X-Repo-Commit,X-Request-Id,X-Error-Code,X-Error-Message,X-Total-Count,ETag,Link,Accept-Ranges,Content-Range,X-Linked-Size,X-Linked-ETag,X-Xet-Hash'), (b'X-Repo-Commit', b'5617a9f61b028005a4858fdac845db406aefb181'), (b'Accept-Ranges', b'bytes'), (b'Content-Disposition', b'inline; filename*=UTF-8\'\'config_sentence_transformers.json; filename="config_sentence_transformers.json";'), (b'Content-Security-Policy', b"default-src 'none'; sandbox"), (b'ETag', b'"1fba91c78a6c8e17227058ab6d4d3acb5d8630a9"'), (b'Vary', b'Origin'), (b'X-Cache', b'Hit from cloudfront'), (b'Via', b'1.1 7e99b7501d332edd3ad24dfb6f2ef80c.cloudfront.net (CloudFront)'), (b'X-Amz-Cf-Pop', b'SIN2-P7'), (b'Alt-Svc', b'h3=":443"; ma=86400'), (b'X-Amz-Cf-Id', b'sRUAgXOHGllDIPFUUjJdAkKy5Mb9ngGhnypEIVqzVf7Pi-HALraiKw=='), (b'Age', b'6546006'), (b'Strict-Transport-Security', b'max-age=31536000')])
16:23:13 INFO    HTTP Request: HEAD https://huggingface.co/api/resolve-cache/models/BAAI/bge-m3/5617a9f61b028005a4858fdac845db406aefb181/config_sentence_transformers.json "HTTP/1.1 200 OK"
16:23:13 DEBUG   receive_response_body.started request=<Request [b'HEAD']>
16:23:13 DEBUG   receive_response_body.complete
16:23:13 DEBUG   response_closed.started
16:23:13 DEBUG   response_closed.complete
16:23:13 DEBUG   send_request_headers.started request=<Request [b'HEAD']>
16:23:13 DEBUG   send_request_headers.complete
16:23:13 DEBUG   send_request_body.started request=<Request [b'HEAD']>
16:23:13 DEBUG   send_request_body.complete
16:23:13 DEBUG   receive_response_headers.started request=<Request [b'HEAD']>
16:23:13 DEBUG   receive_response_headers.complete return_value=(b'HTTP/1.1', 307, b'Temporary Redirect', [(b'Content-Type', b'text/plain; charset=utf-8'), (b'Content-Length', b'222'), (b'Connection', b'keep-alive'), (b'Date', b'Sat, 29 Aug 2026 08:23:13 GMT'), (b'Location', b'/api/resolve-cache/models/BAAI/bge-m3/5617a9f61b028005a4858fdac845db406aefb181/README.md?%2FBAAI%2Fbge-m3%2Fresolve%2Fmain%2FREADME.md=&etag=%22e5a320176edd6ee1cfb256e68ee5ac0004de9447%22'), (b'X-Powered-By', b'huggingface-moon'), (b'X-Request-Id', b'Root=1-6a9296f1-5d4e4c7b22efa756019fcc5e;bdc79a6a-414b-4120-874f-6f0a464b997b'), (b'RateLimit', b'"resolvers";r=2996;t=71'), (b'RateLimit-Policy', b'"fixed window";"resolvers";q=3000;w=300'), (b'cross-origin-opener-policy', b'same-origin'), (b'Referrer-Policy', b'strict-origin-when-cross-origin'), (b'Access-Control-Max-Age', b'86400'), (b'Access-Control-Allow-Origin', b'https://huggingface.co'), (b'Vary', b'Origin, Accept'), (b'Access-Control-Expose-Headers', b'X-Repo-Commit,X-Request-Id,X-Error-Code,X-Error-Message,X-Total-Count,ETag,Link,Accept-Ranges,Content-Range,X-Linked-Size,X-Linked-ETag,X-Xet-Hash'), (b'X-Repo-Commit', b'5617a9f61b028005a4858fdac845db406aefb181'), (b'Accept-Ranges', b'bytes'), (b'X-HF-Warning', b'unauthenticated; Warning: You are sending unauthenticated requests to the HF Hub. Please set a HF_TOKEN to enable higher rate limits and faster downloads.'), (b'X-Hub-Cache', b'HIT'), (b'Content-Disposition', b'inline; filename*=UTF-8\'\'README.md; filename="README.md";'), (b'Content-Security-Policy', b"default-src 'none'; sandbox"), (b'X-Linked-ETag', b'"e5a320176edd6ee1cfb256e68ee5ac0004de9447"'), (b'X-Cache', b'Miss from cloudfront'), (b'Via', b'1.1 7e99b7501d332edd3ad24dfb6f2ef80c.cloudfront.net (CloudFront)'), (b'X-Amz-Cf-Pop', b'SIN2-P7'), (b'Alt-Svc', b'h3=":443"; ma=86400'), (b'X-Amz-Cf-Id', b'KL83iq4SP3Zs2b3yJ-f2kM3aMVJZVybLyOWFGHGK7K_IRo3DcVTzWA=='), (b'Strict-Transport-Security', b'max-age=31536000')])
16:23:13 INFO    HTTP Request: HEAD https://huggingface.co/BAAI/bge-m3/resolve/main/README.md "HTTP/1.1 307 Temporary Redirect"
16:23:13 DEBUG   receive_response_body.started request=<Request [b'HEAD']>
16:23:13 DEBUG   receive_response_body.complete
16:23:13 DEBUG   response_closed.started
16:23:13 DEBUG   response_closed.complete
16:23:13 DEBUG   send_request_headers.started request=<Request [b'HEAD']>
16:23:13 DEBUG   send_request_headers.complete
16:23:13 DEBUG   send_request_body.started request=<Request [b'HEAD']>
16:23:13 DEBUG   send_request_body.complete
16:23:13 DEBUG   receive_response_headers.started request=<Request [b'HEAD']>
16:23:14 DEBUG   receive_response_headers.complete return_value=(b'HTTP/1.1', 200, b'OK', [(b'Content-Type', b'text/plain; charset=utf-8'), (b'Content-Length', b'15822'), (b'Connection', b'keep-alive'), (b'Date', b'Fri, 29 May 2026 09:17:56 GMT'), (b'ETag', b'"e5a320176edd6ee1cfb256e68ee5ac0004de9447"'), (b'X-Powered-By', b'huggingface-moon'), (b'X-Request-Id', b'Root=1-6a1959c4-790924675c95cd2d3961369d'), (b'RateLimit', b'"resolvers";r=2989;t=8'), (b'RateLimit-Policy', b'"fixed window";"resolvers";q=3000;w=300'), (b'cross-origin-opener-policy', b'same-origin'), (b'Referrer-Policy', b'strict-origin-when-cross-origin'), (b'Access-Control-Max-Age', b'86400'), (b'Access-Control-Allow-Origin', b'https://huggingface.co'), (b'Access-Control-Expose-Headers', b'X-Repo-Commit,X-Request-Id,X-Error-Code,X-Error-Message,X-Total-Count,ETag,Link,Accept-Ranges,Content-Range,X-Linked-Size,X-Linked-ETag,X-Xet-Hash'), (b'X-Repo-Commit', b'5617a9f61b028005a4858fdac845db406aefb181'), (b'Accept-Ranges', b'bytes'), (b'Content-Disposition', b'inline; filename*=UTF-8\'\'README.md; filename="README.md";'), (b'Content-Security-Policy', b"default-src 'none'; sandbox"), (b'Vary', b'Origin'), (b'X-Cache', b'Hit from cloudfront'), (b'Via', b'1.1 7e99b7501d332edd3ad24dfb6f2ef80c.cloudfront.net (CloudFront)'), (b'X-Amz-Cf-Pop', b'SIN2-P7'), (b'Alt-Svc', b'h3=":443"; ma=86400'), (b'X-Amz-Cf-Id', b'V3nDGkQQg228zcfb3nQbACMKiguLN-21RQ_D0bDfvca9_WdaQGGSxw=='), (b'Age', b'7945517'), (b'Strict-Transport-Security', b'max-age=31536000')])
16:23:14 INFO    HTTP Request: HEAD https://huggingface.co/api/resolve-cache/models/BAAI/bge-m3/5617a9f61b028005a4858fdac845db406aefb181/README.md "HTTP/1.1 200 OK"
16:23:14 DEBUG   receive_response_body.started request=<Request [b'HEAD']>
16:23:14 DEBUG   receive_response_body.complete
16:23:14 DEBUG   response_closed.started
16:23:14 DEBUG   response_closed.complete
16:23:14 DEBUG   send_request_headers.started request=<Request [b'HEAD']>
16:23:14 DEBUG   send_request_headers.complete
16:23:14 DEBUG   send_request_body.started request=<Request [b'HEAD']>
16:23:14 DEBUG   send_request_body.complete
16:23:14 DEBUG   receive_response_headers.started request=<Request [b'HEAD']>
16:23:14 DEBUG   receive_response_headers.complete return_value=(b'HTTP/1.1', 307, b'Temporary Redirect', [(b'Content-Type', b'text/plain; charset=utf-8'), (b'Content-Length', b'228'), (b'Connection', b'keep-alive'), (b'Date', b'Sat, 29 Aug 2026 08:23:13 GMT'), (b'Location', b'/api/resolve-cache/models/BAAI/bge-m3/5617a9f61b028005a4858fdac845db406aefb181/modules.json?%2FBAAI%2Fbge-m3%2Fresolve%2Fmain%2Fmodules.json=&etag=%22952a9b81c0bfd99800fabf352f69c7ccd46c5e43%22'), (b'X-Powered-By', b'huggingface-moon'), (b'X-Request-Id', b'Root=1-6a9296f1-3ce2769b0968b27b29b88a2e;6354e448-dfdc-49f3-9ab8-11a1fa6909d2'), (b'RateLimit', b'"resolvers";r=2995;t=71'), (b'RateLimit-Policy', b'"fixed window";"resolvers";q=3000;w=300'), (b'cross-origin-opener-policy', b'same-origin'), (b'Referrer-Policy', b'strict-origin-when-cross-origin'), (b'Access-Control-Max-Age', b'86400'), (b'Access-Control-Allow-Origin', b'https://huggingface.co'), (b'Vary', b'Origin, Accept'), (b'Access-Control-Expose-Headers', b'X-Repo-Commit,X-Request-Id,X-Error-Code,X-Error-Message,X-Total-Count,ETag,Link,Accept-Ranges,Content-Range,X-Linked-Size,X-Linked-ETag,X-Xet-Hash'), (b'X-Repo-Commit', b'5617a9f61b028005a4858fdac845db406aefb181'), (b'Accept-Ranges', b'bytes'), (b'X-HF-Warning', b'unauthenticated; Warning: You are sending unauthenticated requests to the HF Hub. Please set a HF_TOKEN to enable higher rate limits and faster downloads.'), (b'X-Hub-Cache', b'HIT'), (b'Content-Disposition', b'inline; filename*=UTF-8\'\'modules.json; filename="modules.json";'), (b'Content-Security-Policy', b"default-src 'none'; sandbox"), (b'X-Linked-ETag', b'"952a9b81c0bfd99800fabf352f69c7ccd46c5e43"'), (b'X-Cache', b'Miss from cloudfront'), (b'Via', b'1.1 7e99b7501d332edd3ad24dfb6f2ef80c.cloudfront.net (CloudFront)'), (b'X-Amz-Cf-Pop', b'SIN2-P7'), (b'Alt-Svc', b'h3=":443"; ma=86400'), (b'X-Amz-Cf-Id', b'q61gTz358xi34mVU26r-JaDql2M7258SYhEK2CXaXa5wFwW3as7ZZg=='), (b'Strict-Transport-Security', b'max-age=31536000')])
16:23:14 INFO    HTTP Request: HEAD https://huggingface.co/BAAI/bge-m3/resolve/main/modules.json "HTTP/1.1 307 Temporary Redirect"
16:23:14 DEBUG   receive_response_body.started request=<Request [b'HEAD']>
16:23:14 DEBUG   receive_response_body.complete
16:23:14 DEBUG   response_closed.started
16:23:14 DEBUG   response_closed.complete
16:23:14 DEBUG   send_request_headers.started request=<Request [b'HEAD']>
16:23:14 DEBUG   send_request_headers.complete
16:23:14 DEBUG   send_request_body.started request=<Request [b'HEAD']>
16:23:14 DEBUG   send_request_body.complete
16:23:14 DEBUG   receive_response_headers.started request=<Request [b'HEAD']>
16:23:14 DEBUG   receive_response_headers.complete return_value=(b'HTTP/1.1', 200, b'OK', [(b'Content-Type', b'text/plain; charset=utf-8'), (b'Content-Length', b'349'), (b'Connection', b'keep-alive'), (b'Date', b'Fri, 19 Jun 2026 02:17:04 GMT'), (b'X-Powered-By', b'huggingface-moon'), (b'X-Request-Id', b'Root=1-6a34a6a0-458fd28b3432a0496c9e0658'), (b'RateLimit', b'"resolvers";r=2997;t=236'), (b'RateLimit-Policy', b'"fixed window";"resolvers";q=3000;w=300'), (b'cross-origin-opener-policy', b'same-origin'), (b'Referrer-Policy', b'strict-origin-when-cross-origin'), (b'Access-Control-Max-Age', b'86400'), (b'Access-Control-Allow-Origin', b'https://huggingface.co'), (b'Access-Control-Expose-Headers', b'X-Repo-Commit,X-Request-Id,X-Error-Code,X-Error-Message,X-Total-Count,ETag,Link,Accept-Ranges,Content-Range,X-Linked-Size,X-Linked-ETag,X-Xet-Hash'), (b'X-Repo-Commit', b'5617a9f61b028005a4858fdac845db406aefb181'), (b'Accept-Ranges', b'bytes'), (b'Content-Disposition', b'inline; filename*=UTF-8\'\'modules.json; filename="modules.json";'), (b'Content-Security-Policy', b"default-src 'none'; sandbox"), (b'ETag', b'"952a9b81c0bfd99800fabf352f69c7ccd46c5e43"'), (b'Vary', b'Origin'), (b'X-Cache', b'Hit from cloudfront'), (b'Via', b'1.1 7e99b7501d332edd3ad24dfb6f2ef80c.cloudfront.net (CloudFront)'), (b'X-Amz-Cf-Pop', b'SIN2-P7'), (b'Alt-Svc', b'h3=":443"; ma=86400'), (b'X-Amz-Cf-Id', b'Dh1aN24BVBhAkyU_zHG_BmjL-CR1UycYuj2dRf3d2spcjIKRG3_Gag=='), (b'Age', b'6156370'), (b'Strict-Transport-Security', b'max-age=31536000')])
16:23:14 INFO    HTTP Request: HEAD https://huggingface.co/api/resolve-cache/models/BAAI/bge-m3/5617a9f61b028005a4858fdac845db406aefb181/modules.json "HTTP/1.1 200 OK"
16:23:14 DEBUG   receive_response_body.started request=<Request [b'HEAD']>
16:23:14 DEBUG   receive_response_body.complete
16:23:14 DEBUG   response_closed.started
16:23:14 DEBUG   response_closed.complete
16:23:14 DEBUG   send_request_headers.started request=<Request [b'HEAD']>
16:23:14 DEBUG   send_request_headers.complete
16:23:14 DEBUG   send_request_body.started request=<Request [b'HEAD']>
16:23:14 DEBUG   send_request_body.complete
16:23:14 DEBUG   receive_response_headers.started request=<Request [b'HEAD']>
16:23:14 DEBUG   receive_response_headers.complete return_value=(b'HTTP/1.1', 307, b'Temporary Redirect', [(b'Content-Type', b'text/plain; charset=utf-8'), (b'Content-Length', b'254'), (b'Connection', b'keep-alive'), (b'Date', b'Sat, 29 Aug 2026 08:23:14 GMT'), (b'Location', b'/api/resolve-cache/models/BAAI/bge-m3/5617a9f61b028005a4858fdac845db406aefb181/sentence_bert_config.json?%2FBAAI%2Fbge-m3%2Fresolve%2Fmain%2Fsentence_bert_config.json=&etag=%220140ba1eac83a3c9b857d64baba91969d988624b%22'), (b'X-Powered-By', b'huggingface-moon'), (b'X-Request-Id', b'Root=1-6a9296f2-65d1950b3876af680fdd4592;1bcf39f8-c9c6-4eca-900a-5b400983d6d2'), (b'RateLimit', b'"resolvers";r=2994;t=70'), (b'RateLimit-Policy', b'"fixed window";"resolvers";q=3000;w=300'), (b'cross-origin-opener-policy', b'same-origin'), (b'Referrer-Policy', b'strict-origin-when-cross-origin'), (b'Access-Control-Max-Age', b'86400'), (b'Access-Control-Allow-Origin', b'https://huggingface.co'), (b'Vary', b'Origin, Accept'), (b'Access-Control-Expose-Headers', b'X-Repo-Commit,X-Request-Id,X-Error-Code,X-Error-Message,X-Total-Count,ETag,Link,Accept-Ranges,Content-Range,X-Linked-Size,X-Linked-ETag,X-Xet-Hash'), (b'X-Repo-Commit', b'5617a9f61b028005a4858fdac845db406aefb181'), (b'Accept-Ranges', b'bytes'), (b'X-HF-Warning', b'unauthenticated; Warning: You are sending unauthenticated requests to the HF Hub. Please set a HF_TOKEN to enable higher rate limits and faster downloads.'), (b'X-Hub-Cache', b'HIT'), (b'Content-Disposition', b'inline; filename*=UTF-8\'\'sentence_bert_config.json; filename="sentence_bert_config.json";'), (b'Content-Security-Policy', b"default-src 'none'; sandbox"), (b'X-Linked-ETag', b'"0140ba1eac83a3c9b857d64baba91969d988624b"'), (b'X-Cache', b'Miss from cloudfront'), (b'Via', b'1.1 7e99b7501d332edd3ad24dfb6f2ef80c.cloudfront.net (CloudFront)'), (b'X-Amz-Cf-Pop', b'SIN2-P7'), (b'Alt-Svc', b'h3=":443"; ma=86400'), (b'X-Amz-Cf-Id', b'VcGvNyjLIYSpQcLLta0AyOQvP7IlkV3siXwOPFGIcr-h_7XnJjoOyg=='), (b'Strict-Transport-Security', b'max-age=31536000')])
16:23:14 INFO    HTTP Request: HEAD https://huggingface.co/BAAI/bge-m3/resolve/main/sentence_bert_config.json "HTTP/1.1 307 Temporary Redirect"
16:23:14 DEBUG   receive_response_body.started request=<Request [b'HEAD']>
16:23:14 DEBUG   receive_response_body.complete
16:23:14 DEBUG   response_closed.started
16:23:14 DEBUG   response_closed.complete
16:23:14 DEBUG   send_request_headers.started request=<Request [b'HEAD']>
16:23:14 DEBUG   send_request_headers.complete
16:23:14 DEBUG   send_request_body.started request=<Request [b'HEAD']>
16:23:14 DEBUG   send_request_body.complete
16:23:14 DEBUG   receive_response_headers.started request=<Request [b'HEAD']>
16:23:14 DEBUG   receive_response_headers.complete return_value=(b'HTTP/1.1', 200, b'OK', [(b'Content-Type', b'text/plain; charset=utf-8'), (b'Content-Length', b'54'), (b'Connection', b'keep-alive'), (b'Date', b'Wed, 08 Jul 2026 14:13:11 GMT'), (b'ETag', b'"0140ba1eac83a3c9b857d64baba91969d988624b"'), (b'X-Powered-By', b'huggingface-moon'), (b'X-Request-Id', b'Root=1-6a4e5af7-53d9198503521117074a3c6c'), (b'RateLimit', b'"resolvers";r=2987;t=193'), (b'RateLimit-Policy', b'"fixed window";"resolvers";q=3000;w=300'), (b'cross-origin-opener-policy', b'same-origin'), (b'Referrer-Policy', b'strict-origin-when-cross-origin'), (b'Access-Control-Max-Age', b'86400'), (b'Access-Control-Allow-Origin', b'https://huggingface.co'), (b'Access-Control-Expose-Headers', b'X-Repo-Commit,X-Request-Id,X-Error-Code,X-Error-Message,X-Total-Count,ETag,Link,Accept-Ranges,Content-Range,X-Linked-Size,X-Linked-ETag,X-Xet-Hash'), (b'X-Repo-Commit', b'5617a9f61b028005a4858fdac845db406aefb181'), (b'Accept-Ranges', b'bytes'), (b'Content-Disposition', b'inline; filename*=UTF-8\'\'sentence_bert_config.json; filename="sentence_bert_config.json";'), (b'Content-Security-Policy', b"default-src 'none'; sandbox"), (b'Vary', b'Origin'), (b'X-Cache', b'Hit from cloudfront'), (b'Via', b'1.1 7e99b7501d332edd3ad24dfb6f2ef80c.cloudfront.net (CloudFront)'), (b'X-Amz-Cf-Pop', b'SIN2-P7'), (b'Alt-Svc', b'h3=":443"; ma=86400'), (b'X-Amz-Cf-Id', b'_Q1n1CJpSnVn_4jVcpAgxoFqBOSG7R2I_i9LpC2MDErNS6sgkKsATg=='), (b'Age', b'4471803'), (b'Strict-Transport-Security', b'max-age=31536000')])
16:23:14 INFO    HTTP Request: HEAD https://huggingface.co/api/resolve-cache/models/BAAI/bge-m3/5617a9f61b028005a4858fdac845db406aefb181/sentence_bert_config.json "HTTP/1.1 200 OK"
16:23:14 DEBUG   receive_response_body.started request=<Request [b'HEAD']>
16:23:14 DEBUG   receive_response_body.complete
16:23:14 DEBUG   response_closed.started
16:23:14 DEBUG   response_closed.complete
16:23:14 DEBUG   send_request_headers.started request=<Request [b'HEAD']>
16:23:14 DEBUG   send_request_headers.complete
16:23:14 DEBUG   send_request_body.started request=<Request [b'HEAD']>
16:23:14 DEBUG   send_request_body.complete
16:23:14 DEBUG   receive_response_headers.started request=<Request [b'HEAD']>
16:23:14 DEBUG   receive_response_headers.complete return_value=(b'HTTP/1.1', 404, b'Not Found', [(b'Content-Type', b'text/plain; charset=utf-8'), (b'Content-Length', b'15'), (b'Connection', b'keep-alive'), (b'Date', b'Sat, 29 Aug 2026 08:23:14 GMT'), (b'ETag', b'W/"f-mY2VvLxuxB7KhsoOdQTlMTccuAQ"'), (b'X-Powered-By', b'huggingface-moon'), (b'X-Request-Id', b'Root=1-6a9296f2-798da6a57056b2a920e577e2;abce4818-87ae-4fec-9a0e-27573a244d43'), (b'RateLimit', b'"resolvers";r=2993;t=70'), (b'RateLimit-Policy', b'"fixed window";"resolvers";q=3000;w=300'), (b'cross-origin-opener-policy', b'same-origin'), (b'Referrer-Policy', b'strict-origin-when-cross-origin'), (b'Access-Control-Max-Age', b'86400'), (b'Access-Control-Allow-Origin', b'https://huggingface.co'), (b'Vary', b'Origin'), (b'Access-Control-Expose-Headers', b'X-Repo-Commit,X-Request-Id,X-Error-Code,X-Error-Message,X-Total-Count,ETag,Link,Accept-Ranges,Content-Range,X-Linked-Size,X-Linked-ETag,X-Xet-Hash'), (b'X-Repo-Commit', b'5617a9f61b028005a4858fdac845db406aefb181'), (b'Accept-Ranges', b'bytes'), (b'X-Hub-Cache', b'MISS'), (b'X-Error-Code', b'EntryNotFound'), (b'X-Error-Message', b'Entry not found'), (b'X-Cache', b'Error from cloudfront'), (b'Via', b'1.1 7e99b7501d332edd3ad24dfb6f2ef80c.cloudfront.net (CloudFront)'), (b'X-Amz-Cf-Pop', b'SIN2-P7'), (b'Alt-Svc', b'h3=":443"; ma=86400'), (b'X-Amz-Cf-Id', b'zXXdVcJ31SBjMhppiI5Na5AG2t688A0qwHi4eqsZig2hQlgk6bk4uA=='), (b'Strict-Transport-Security', b'max-age=31536000')])
16:23:14 INFO    HTTP Request: HEAD https://huggingface.co/BAAI/bge-m3/resolve/main/adapter_config.json "HTTP/1.1 404 Not Found"
16:23:14 DEBUG   receive_response_body.started request=<Request [b'HEAD']>
16:23:14 DEBUG   receive_response_body.complete
16:23:14 DEBUG   response_closed.started
16:23:14 DEBUG   response_closed.complete
16:23:14 DEBUG   send_request_headers.started request=<Request [b'HEAD']>
16:23:14 DEBUG   send_request_headers.complete
16:23:14 DEBUG   send_request_body.started request=<Request [b'HEAD']>
16:23:14 DEBUG   send_request_body.complete
16:23:14 DEBUG   receive_response_headers.started request=<Request [b'HEAD']>
16:23:14 DEBUG   receive_response_headers.complete return_value=(b'HTTP/1.1', 307, b'Temporary Redirect', [(b'Content-Type', b'text/plain; charset=utf-8'), (b'Content-Length', b'226'), (b'Connection', b'keep-alive'), (b'Date', b'Sat, 29 Aug 2026 08:23:14 GMT'), (b'Location', b'/api/resolve-cache/models/BAAI/bge-m3/5617a9f61b028005a4858fdac845db406aefb181/config.json?%2FBAAI%2Fbge-m3%2Fresolve%2Fmain%2Fconfig.json=&etag=%22e6eda1c72da8f9dc30fdd9b69c73d35af3b7a7ad%22'), (b'X-Powered-By', b'huggingface-moon'), (b'X-Request-Id', b'Root=1-6a9296f2-0746860c1167f55e055e1f91;78530e11-a478-4791-aa0f-d6ccce0a9d74'), (b'RateLimit', b'"resolvers";r=2992;t=70'), (b'RateLimit-Policy', b'"fixed window";"resolvers";q=3000;w=300'), (b'cross-origin-opener-policy', b'same-origin'), (b'Referrer-Policy', b'strict-origin-when-cross-origin'), (b'Access-Control-Max-Age', b'86400'), (b'Access-Control-Allow-Origin', b'https://huggingface.co'), (b'Vary', b'Origin, Accept'), (b'Access-Control-Expose-Headers', b'X-Repo-Commit,X-Request-Id,X-Error-Code,X-Error-Message,X-Total-Count,ETag,Link,Accept-Ranges,Content-Range,X-Linked-Size,X-Linked-ETag,X-Xet-Hash'), (b'X-Repo-Commit', b'5617a9f61b028005a4858fdac845db406aefb181'), (b'Accept-Ranges', b'bytes'), (b'X-HF-Warning', b'unauthenticated; Warning: You are sending unauthenticated requests to the HF Hub. Please set a HF_TOKEN to enable higher rate limits and faster downloads.'), (b'X-Hub-Cache', b'HIT'), (b'Content-Disposition', b'inline; filename*=UTF-8\'\'config.json; filename="config.json";'), (b'Content-Security-Policy', b"default-src 'none'; sandbox"), (b'X-Linked-ETag', b'"e6eda1c72da8f9dc30fdd9b69c73d35af3b7a7ad"'), (b'X-Cache', b'Miss from cloudfront'), (b'Via', b'1.1 7e99b7501d332edd3ad24dfb6f2ef80c.cloudfront.net (CloudFront)'), (b'X-Amz-Cf-Pop', b'SIN2-P7'), (b'Alt-Svc', b'h3=":443"; ma=86400'), (b'X-Amz-Cf-Id', b'JP2uy3puCcMF4sls7LCQOAwoXweB9Tl8FpR7rKweT_-3eeqb7f63HA=='), (b'Strict-Transport-Security', b'max-age=31536000')])
16:23:14 INFO    HTTP Request: HEAD https://huggingface.co/BAAI/bge-m3/resolve/main/config.json "HTTP/1.1 307 Temporary Redirect"
16:23:15 DEBUG   receive_response_body.started request=<Request [b'HEAD']>
16:23:15 DEBUG   receive_response_body.complete
16:23:15 DEBUG   response_closed.started
16:23:15 DEBUG   response_closed.complete
16:23:15 DEBUG   send_request_headers.started request=<Request [b'HEAD']>
16:23:15 DEBUG   send_request_headers.complete
16:23:15 DEBUG   send_request_body.started request=<Request [b'HEAD']>
16:23:15 DEBUG   send_request_body.complete
16:23:15 DEBUG   receive_response_headers.started request=<Request [b'HEAD']>
16:23:15 DEBUG   receive_response_headers.complete return_value=(b'HTTP/1.1', 200, b'OK', [(b'Content-Type', b'text/plain; charset=utf-8'), (b'Content-Length', b'687'), (b'Connection', b'keep-alive'), (b'Date', b'Sun, 31 Aug 2025 06:28:15 GMT'), (b'ETag', b'"e6eda1c72da8f9dc30fdd9b69c73d35af3b7a7ad"'), (b'X-Powered-By', b'huggingface-moon'), (b'cross-origin-opener-policy', b'same-origin'), (b'Referrer-Policy', b'strict-origin-when-cross-origin'), (b'X-Request-Id', b'Root=1-68b3eb7f-6fc2683f193c309340b63d27;022cb13d-c892-4a02-91d5-85bea5ae855a'), (b'Access-Control-Allow-Origin', b'https://huggingface.co'), (b'Access-Control-Expose-Headers', b'X-Repo-Commit,X-Request-Id,X-Error-Code,X-Error-Message,X-Total-Count,ETag,Link,Accept-Ranges,Content-Range,X-Linked-Size,X-Linked-ETag,X-Xet-Hash'), (b'X-Repo-Commit', b'5617a9f61b028005a4858fdac845db406aefb181'), (b'Accept-Ranges', b'bytes'), (b'Content-Disposition', b'inline; filename*=UTF-8\'\'config.json; filename="config.json";'), (b'Content-Security-Policy', b"default-src 'none'; sandbox"), (b'Vary', b'Origin'), (b'X-Cache', b'Hit from cloudfront'), (b'Via', b'1.1 7e99b7501d332edd3ad24dfb6f2ef80c.cloudfront.net (CloudFront)'), (b'X-Amz-Cf-Pop', b'SIN2-P7'), (b'Alt-Svc', b'h3=":443"; ma=86400'), (b'X-Amz-Cf-Id', b'a1t2pdug7cWBUWas_5ZqXCqa0h2527e8VaPEwF5OKTOfq3qgZfh2Gw=='), (b'Age', b'31370099'), (b'Strict-Transport-Security', b'max-age=31536000')])
16:23:15 INFO    HTTP Request: HEAD https://huggingface.co/api/resolve-cache/models/BAAI/bge-m3/5617a9f61b028005a4858fdac845db406aefb181/config.json "HTTP/1.1 200 OK"
16:23:15 DEBUG   receive_response_body.started request=<Request [b'HEAD']>
16:23:15 DEBUG   receive_response_body.complete
16:23:15 DEBUG   response_closed.started
16:23:15 DEBUG   response_closed.complete
16:23:15 DEBUG   send_request_headers.started request=<Request [b'HEAD']>
16:23:15 DEBUG   send_request_headers.complete
16:23:15 DEBUG   send_request_body.started request=<Request [b'HEAD']>
16:23:15 DEBUG   send_request_body.complete
16:23:15 DEBUG   receive_response_headers.started request=<Request [b'HEAD']>
16:23:15 DEBUG   receive_response_headers.complete return_value=(b'HTTP/1.1', 404, b'Not Found', [(b'Content-Type', b'text/plain; charset=utf-8'), (b'Content-Length', b'15'), (b'Connection', b'keep-alive'), (b'Date', b'Sat, 29 Aug 2026 08:23:15 GMT'), (b'ETag', b'W/"f-mY2VvLxuxB7KhsoOdQTlMTccuAQ"'), (b'X-Powered-By', b'huggingface-moon'), (b'X-Request-Id', b'Root=1-6a9296f3-771d464e7a3d461c17f2784c;a960fb55-47e1-4b2d-a0d6-818fab06d3b3'), (b'RateLimit', b'"resolvers";r=2991;t=69'), (b'RateLimit-Policy', b'"fixed window";"resolvers";q=3000;w=300'), (b'cross-origin-opener-policy', b'same-origin'), (b'Referrer-Policy', b'strict-origin-when-cross-origin'), (b'Access-Control-Max-Age', b'86400'), (b'Access-Control-Allow-Origin', b'https://huggingface.co'), (b'Vary', b'Origin'), (b'Access-Control-Expose-Headers', b'X-Repo-Commit,X-Request-Id,X-Error-Code,X-Error-Message,X-Total-Count,ETag,Link,Accept-Ranges,Content-Range,X-Linked-Size,X-Linked-ETag,X-Xet-Hash'), (b'X-Repo-Commit', b'5617a9f61b028005a4858fdac845db406aefb181'), (b'Accept-Ranges', b'bytes'), (b'X-HF-Warning', b'unauthenticated; Warning: You are sending unauthenticated requests to the HF Hub. Please set a HF_TOKEN to enable higher rate limits and faster downloads.'), (b'X-Hub-Cache', b'MISS'), (b'X-Error-Code', b'EntryNotFound'), (b'X-Error-Message', b'Entry not found'), (b'X-Cache', b'Error from cloudfront'), (b'Via', b'1.1 7e99b7501d332edd3ad24dfb6f2ef80c.cloudfront.net (CloudFront)'), (b'X-Amz-Cf-Pop', b'SIN2-P7'), (b'Alt-Svc', b'h3=":443"; ma=86400'), (b'X-Amz-Cf-Id', b'jqe20qQ1_CF1u3rEJJbS60Ia1jVHiOjstvgzPv-hrL_r1wzAbuBWcw=='), (b'Strict-Transport-Security', b'max-age=31536000')])
16:23:15 INFO    HTTP Request: HEAD https://huggingface.co/BAAI/bge-m3/resolve/main/model.safetensors "HTTP/1.1 404 Not Found"
16:23:15 DEBUG   receive_response_body.started request=<Request [b'HEAD']>
16:23:15 DEBUG   receive_response_body.complete
16:23:15 DEBUG   response_closed.started
16:23:15 DEBUG   response_closed.complete
16:23:15 DEBUG   send_request_headers.started request=<Request [b'GET']>
16:23:15 DEBUG   send_request_headers.complete
16:23:15 DEBUG   send_request_body.started request=<Request [b'GET']>
16:23:15 DEBUG   send_request_body.complete
16:23:15 DEBUG   receive_response_headers.started request=<Request [b'GET']>
16:23:15 DEBUG   receive_response_headers.complete return_value=(b'HTTP/1.1', 200, b'OK', [(b'Content-Type', b'application/json; charset=utf-8'), (b'Transfer-Encoding', b'chunked'), (b'Connection', b'keep-alive'), (b'Date', b'Sat, 29 Aug 2026 08:23:15 GMT'), (b'content-encoding', b'gzip'), (b'ETag', b'W/"14a9-z2m/IShexXMrLakRE1EpscuQGH8"'), (b'X-Powered-By', b'huggingface-moon'), (b'X-Request-Id', b'Root=1-6a9296f3-1a09461e780485a47f6271e9;3f5c9ccb-f1bf-4eba-9095-10307c26ad75'), (b'RateLimit', b'"api";r=499;t=69'), (b'RateLimit-Policy', b'"fixed window";"api";q=500;w=300'), (b'cross-origin-opener-policy', b'same-origin'), (b'Referrer-Policy', b'strict-origin-when-cross-origin'), (b'Access-Control-Max-Age', b'86400'), (b'Access-Control-Allow-Origin', b'https://huggingface.co'), (b'Vary', b'Origin'), (b'vary', b'Accept-Encoding'), (b'Access-Control-Expose-Headers', b'X-Repo-Commit,X-Request-Id,X-Error-Code,X-Error-Message,X-Total-Count,ETag,Link,Accept-Ranges,Content-Range,X-Linked-Size,X-Linked-ETag,X-Xet-Hash'), (b'X-Cache', b'Miss from cloudfront'), (b'Via', b'1.1 7e99b7501d332edd3ad24dfb6f2ef80c.cloudfront.net (CloudFront)'), (b'X-Amz-Cf-Pop', b'SIN2-P7'), (b'Alt-Svc', b'h3=":443"; ma=86400'), (b'X-Amz-Cf-Id', b'DL-nfGixz9TxvAg310laQ3xozRHH1ED2j_PdFsPPVUevLShaOEKBCQ=='), (b'Strict-Transport-Security', b'max-age=31536000')])
16:23:15 INFO    HTTP Request: GET https://huggingface.co/api/models/BAAI/bge-m3 "HTTP/1.1 200 OK"
16:23:15 DEBUG   receive_response_body.started request=<Request [b'GET']>
16:23:15 DEBUG   receive_response_body.complete
16:23:15 DEBUG   response_closed.started
16:23:15 DEBUG   response_closed.complete
16:23:15 DEBUG   send_request_headers.started request=<Request [b'GET']>
16:23:15 DEBUG   send_request_headers.complete
16:23:15 DEBUG   send_request_body.started request=<Request [b'GET']>
16:23:15 DEBUG   send_request_body.complete
16:23:15 DEBUG   receive_response_headers.started request=<Request [b'GET']>
16:23:15 DEBUG   connect_tcp.started host='huggingface.co' port=443 local_address=None timeout=10 socket_options=None
16:23:15 DEBUG   connect_tcp.complete return_value=<httpcore._backends.sync.SyncStream object at 0x000001B287558B50>
16:23:15 DEBUG   start_tls.started ssl_context=<ssl.SSLContext object at 0x000001B1FE0DD520> server_hostname='huggingface.co' timeout=10
16:23:15 DEBUG   start_tls.complete return_value=<httpcore._backends.sync.SyncStream object at 0x000001B28755AD10>
16:23:15 DEBUG   send_request_headers.started request=<Request [b'HEAD']>
16:23:15 DEBUG   send_request_headers.complete
16:23:15 DEBUG   send_request_body.started request=<Request [b'HEAD']>
16:23:15 DEBUG   send_request_body.complete
16:23:15 DEBUG   receive_response_headers.started request=<Request [b'HEAD']>
16:23:15 DEBUG   receive_response_headers.complete return_value=(b'HTTP/1.1', 200, b'OK', [(b'Content-Type', b'application/json; charset=utf-8'), (b'Transfer-Encoding', b'chunked'), (b'Connection', b'keep-alive'), (b'Date', b'Sat, 29 Aug 2026 08:23:15 GMT'), (b'content-encoding', b'gzip'), (b'ETag', b'W/"2535-dmzxmLOXfx4+uyeJBHEWLJ0b6pQ"'), (b'X-Powered-By', b'huggingface-moon'), (b'X-Request-Id', b'Root=1-6a9296f3-517d82c144f649aa795bf7fe;e95881a0-d9eb-4475-b6e9-e6330207647b'), (b'RateLimit', b'"api";r=498;t=69'), (b'RateLimit-Policy', b'"fixed window";"api";q=500;w=300'), (b'cross-origin-opener-policy', b'same-origin'), (b'Referrer-Policy', b'strict-origin-when-cross-origin'), (b'Access-Control-Max-Age', b'86400'), (b'Access-Control-Allow-Origin', b'https://huggingface.co'), (b'Vary', b'Origin'), (b'vary', b'Accept-Encoding'), (b'Access-Control-Expose-Headers', b'X-Repo-Commit,X-Request-Id,X-Error-Code,X-Error-Message,X-Total-Count,ETag,Link,Accept-Ranges,Content-Range,X-Linked-Size,X-Linked-ETag,X-Xet-Hash'), (b'X-Total-Count', b'39'), (b'X-Cache', b'Miss from cloudfront'), (b'Via', b'1.1 7e99b7501d332edd3ad24dfb6f2ef80c.cloudfront.net (CloudFront)'), (b'X-Amz-Cf-Pop', b'SIN2-P7'), (b'Alt-Svc', b'h3=":443"; ma=86400'), (b'X-Amz-Cf-Id', b'emKBL1B3yLROV77q0_Kxt7sCeqgggqrBH6M4SBspwwm5a-whC3ZZFw=='), (b'Strict-Transport-Security', b'max-age=31536000')])
16:23:15 INFO    HTTP Request: GET https://huggingface.co/api/models/BAAI/bge-m3/commits/main "HTTP/1.1 200 OK"
16:23:15 DEBUG   receive_response_body.started request=<Request [b'GET']>
16:23:15 DEBUG   receive_response_body.complete
16:23:15 DEBUG   response_closed.started
16:23:15 DEBUG   response_closed.complete
16:23:15 DEBUG   send_request_headers.started request=<Request [b'GET']>
16:23:15 DEBUG   send_request_headers.complete
16:23:15 DEBUG   send_request_body.started request=<Request [b'GET']>
16:23:15 DEBUG   send_request_body.complete
16:23:15 DEBUG   receive_response_headers.started request=<Request [b'GET']>
16:23:15 DEBUG   receive_response_headers.complete return_value=(b'HTTP/1.1', 404, b'Not Found', [(b'Content-Type', b'text/plain; charset=utf-8'), (b'Content-Length', b'15'), (b'Connection', b'keep-alive'), (b'Date', b'Sat, 29 Aug 2026 08:23:15 GMT'), (b'ETag', b'W/"f-mY2VvLxuxB7KhsoOdQTlMTccuAQ"'), (b'X-Powered-By', b'huggingface-moon'), (b'X-Request-Id', b'Root=1-6a9296f3-71c001f97ee45ec0151f99c3;723c5854-0c88-485d-9945-358459af879f'), (b'RateLimit', b'"resolvers";r=2990;t=69'), (b'RateLimit-Policy', b'"fixed window";"resolvers";q=3000;w=300'), (b'cross-origin-opener-policy', b'same-origin'), (b'Referrer-Policy', b'strict-origin-when-cross-origin'), (b'Access-Control-Max-Age', b'86400'), (b'Access-Control-Allow-Origin', b'https://huggingface.co'), (b'Vary', b'Origin'), (b'Access-Control-Expose-Headers', b'X-Repo-Commit,X-Request-Id,X-Error-Code,X-Error-Message,X-Total-Count,ETag,Link,Accept-Ranges,Content-Range,X-Linked-Size,X-Linked-ETag,X-Xet-Hash'), (b'X-Repo-Commit', b'5617a9f61b028005a4858fdac845db406aefb181'), (b'Accept-Ranges', b'bytes'), (b'X-Hub-Cache', b'MISS'), (b'X-Error-Code', b'EntryNotFound'), (b'X-Error-Message', b'Entry not found'), (b'X-Cache', b'Error from cloudfront'), (b'Via', b'1.1 6cb44d52412196e4707f3c6a9eb1779c.cloudfront.net (CloudFront)'), (b'X-Amz-Cf-Pop', b'SIN2-P7'), (b'Alt-Svc', b'h3=":443"; ma=86400'), (b'X-Amz-Cf-Id', b'nww_6UBhSdLYekhDzdzxwTXLXNSPRNzBgv4NOgnB2CNWRcphemS8IQ=='), (b'Strict-Transport-Security', b'max-age=31536000')])
16:23:15 INFO    HTTP Request: HEAD https://huggingface.co/BAAI/bge-m3/resolve/main/processor_config.json "HTTP/1.1 404 Not Found"
16:23:15 DEBUG   receive_response_body.started request=<Request [b'HEAD']>
16:23:15 DEBUG   receive_response_body.complete
16:23:15 DEBUG   response_closed.started
16:23:15 DEBUG   response_closed.complete
16:23:15 DEBUG   send_request_headers.started request=<Request [b'HEAD']>
16:23:15 DEBUG   send_request_headers.complete
16:23:15 DEBUG   send_request_body.started request=<Request [b'HEAD']>
16:23:15 DEBUG   send_request_body.complete
16:23:15 DEBUG   receive_response_headers.started request=<Request [b'HEAD']>
16:23:16 DEBUG   receive_response_headers.complete return_value=(b'HTTP/1.1', 200, b'OK', [(b'Content-Type', b'application/json; charset=utf-8'), (b'Transfer-Encoding', b'chunked'), (b'Connection', b'keep-alive'), (b'Date', b'Sat, 29 Aug 2026 08:23:15 GMT'), (b'content-encoding', b'gzip'), (b'ETag', b'W/"7c6a-ZxYmu3FIcNJEmMps6ZSC0mHBcXw"'), (b'X-Powered-By', b'huggingface-moon'), (b'X-Request-Id', b'Root=1-6a9296f3-6d5a976717b712705d770d0c;23415439-568f-44a5-b706-a15ab4acaeba'), (b'RateLimit', b'"api";r=497;t=69'), (b'RateLimit-Policy', b'"fixed window";"api";q=500;w=300'), (b'cross-origin-opener-policy', b'same-origin'), (b'Referrer-Policy', b'strict-origin-when-cross-origin'), (b'Access-Control-Max-Age', b'86400'), (b'Access-Control-Allow-Origin', b'https://huggingface.co'), (b'Vary', b'Origin'), (b'vary', b'Accept-Encoding'), (b'Access-Control-Expose-Headers', b'X-Repo-Commit,X-Request-Id,X-Error-Code,X-Error-Message,X-Total-Count,ETag,Link,Accept-Ranges,Content-Range,X-Linked-Size,X-Linked-ETag,X-Xet-Hash'), (b'X-Cache', b'Miss from cloudfront'), (b'Via', b'1.1 7e99b7501d332edd3ad24dfb6f2ef80c.cloudfront.net (CloudFront)'), (b'X-Amz-Cf-Pop', b'SIN2-P7'), (b'Alt-Svc', b'h3=":443"; ma=86400'), (b'X-Amz-Cf-Id', b'QdJkPX69LhFqNLy9nkxItqwkj0sFgNFpTsKc7sqrs9-fs962ueFfnQ=='), (b'Strict-Transport-Security', b'max-age=31536000')])
16:23:16 INFO    HTTP Request: GET https://huggingface.co/api/models/BAAI/bge-m3/discussions?p=0 "HTTP/1.1 200 OK"
16:23:16 DEBUG   receive_response_body.started request=<Request [b'GET']>
16:23:16 DEBUG   receive_response_body.complete
16:23:16 DEBUG   response_closed.started
16:23:16 DEBUG   response_closed.complete
16:23:16 DEBUG   send_request_headers.started request=<Request [b'GET']>
16:23:16 DEBUG   send_request_headers.complete
16:23:16 DEBUG   send_request_body.started request=<Request [b'GET']>
16:23:16 DEBUG   send_request_body.complete
16:23:16 DEBUG   receive_response_headers.started request=<Request [b'GET']>
16:23:16 DEBUG   receive_response_headers.complete return_value=(b'HTTP/1.1', 404, b'Not Found', [(b'Content-Type', b'text/plain; charset=utf-8'), (b'Content-Length', b'15'), (b'Connection', b'keep-alive'), (b'Date', b'Sat, 29 Aug 2026 08:23:15 GMT'), (b'ETag', b'W/"f-mY2VvLxuxB7KhsoOdQTlMTccuAQ"'), (b'X-Powered-By', b'huggingface-moon'), (b'X-Request-Id', b'Root=1-6a9296f3-24d2ab3e4e8e0e8259fd6a73;fdc71b71-ceec-4750-96b5-e9c0237239bc'), (b'RateLimit', b'"resolvers";r=2989;t=69'), (b'RateLimit-Policy', b'"fixed window";"resolvers";q=3000;w=300'), (b'cross-origin-opener-policy', b'same-origin'), (b'Referrer-Policy', b'strict-origin-when-cross-origin'), (b'Access-Control-Max-Age', b'86400'), (b'Access-Control-Allow-Origin', b'https://huggingface.co'), (b'Vary', b'Origin'), (b'Access-Control-Expose-Headers', b'X-Repo-Commit,X-Request-Id,X-Error-Code,X-Error-Message,X-Total-Count,ETag,Link,Accept-Ranges,Content-Range,X-Linked-Size,X-Linked-ETag,X-Xet-Hash'), (b'X-Repo-Commit', b'5617a9f61b028005a4858fdac845db406aefb181'), (b'Accept-Ranges', b'bytes'), (b'X-Hub-Cache', b'MISS'), (b'X-Error-Code', b'EntryNotFound'), (b'X-Error-Message', b'Entry not found'), (b'X-Cache', b'Error from cloudfront'), (b'Via', b'1.1 6cb44d52412196e4707f3c6a9eb1779c.cloudfront.net (CloudFront)'), (b'X-Amz-Cf-Pop', b'SIN2-P7'), (b'Alt-Svc', b'h3=":443"; ma=86400'), (b'X-Amz-Cf-Id', b'bFPCY5jHNKzM6nAc29lkaNAuj_7C-KtpjIqAt2GUqfY1MU4kDpBn0Q=='), (b'Strict-Transport-Security', b'max-age=31536000')])
16:23:16 INFO    HTTP Request: HEAD https://huggingface.co/BAAI/bge-m3/resolve/main/preprocessor_config.json "HTTP/1.1 404 Not Found"
16:23:16 DEBUG   receive_response_body.started request=<Request [b'HEAD']>
16:23:16 DEBUG   receive_response_body.complete
16:23:16 DEBUG   response_closed.started
16:23:16 DEBUG   response_closed.complete
16:23:16 DEBUG   send_request_headers.started request=<Request [b'HEAD']>
16:23:16 DEBUG   send_request_headers.complete
16:23:16 DEBUG   send_request_body.started request=<Request [b'HEAD']>
16:23:16 DEBUG   send_request_body.complete
16:23:16 DEBUG   receive_response_headers.started request=<Request [b'HEAD']>
16:23:16 DEBUG   receive_response_headers.complete return_value=(b'HTTP/1.1', 200, b'OK', [(b'Content-Type', b'application/json; charset=utf-8'), (b'Transfer-Encoding', b'chunked'), (b'Connection', b'keep-alive'), (b'Date', b'Sat, 29 Aug 2026 08:23:16 GMT'), (b'content-encoding', b'gzip'), (b'ETag', b'W/"28fa-vAwdo+SC30MCm80qenLEjaEaURc"'), (b'X-Powered-By', b'huggingface-moon'), (b'X-Request-Id', b'Root=1-6a9296f4-37f958bc56f84f832eac3dfa;701eab66-36c0-40dd-9901-c01881463d6e'), (b'RateLimit', b'"api";r=496;t=68'), (b'RateLimit-Policy', b'"fixed window";"api";q=500;w=300'), (b'cross-origin-opener-policy', b'same-origin'), (b'Referrer-Policy', b'strict-origin-when-cross-origin'), (b'Access-Control-Max-Age', b'86400'), (b'Access-Control-Allow-Origin', b'https://huggingface.co'), (b'Vary', b'Origin'), (b'vary', b'Accept-Encoding'), (b'Access-Control-Expose-Headers', b'X-Repo-Commit,X-Request-Id,X-Error-Code,X-Error-Message,X-Total-Count,ETag,Link,Accept-Ranges,Content-Range,X-Linked-Size,X-Linked-ETag,X-Xet-Hash'), (b'X-Total-Count', b'40'), (b'X-Cache', b'Miss from cloudfront'), (b'Via', b'1.1 7e99b7501d332edd3ad24dfb6f2ef80c.cloudfront.net (CloudFront)'), (b'X-Amz-Cf-Pop', b'SIN2-P7'), (b'Alt-Svc', b'h3=":443"; ma=86400'), (b'X-Amz-Cf-Id', b'gNvkuPtEQPffDb28BzjbfeBEnsr2ELPkM6DHo4QZWuX1qX9xm8Sazw=='), (b'Strict-Transport-Security', b'max-age=31536000')])
16:23:16 INFO    HTTP Request: GET https://huggingface.co/api/models/BAAI/bge-m3/commits/refs%2Fpr%2F130 "HTTP/1.1 200 OK"
16:23:16 DEBUG   receive_response_body.started request=<Request [b'GET']>
16:23:16 DEBUG   receive_response_body.complete
16:23:16 DEBUG   response_closed.started
16:23:16 DEBUG   response_closed.complete
16:23:16 DEBUG   send_request_headers.started request=<Request [b'HEAD']>
16:23:16 DEBUG   send_request_headers.complete
16:23:16 DEBUG   send_request_body.started request=<Request [b'HEAD']>
16:23:16 DEBUG   send_request_body.complete
16:23:16 DEBUG   receive_response_headers.started request=<Request [b'HEAD']>
16:23:16 DEBUG   receive_response_headers.complete return_value=(b'HTTP/1.1', 404, b'Not Found', [(b'Content-Type', b'text/plain; charset=utf-8'), (b'Content-Length', b'15'), (b'Connection', b'keep-alive'), (b'Date', b'Sat, 29 Aug 2026 08:23:16 GMT'), (b'ETag', b'W/"f-mY2VvLxuxB7KhsoOdQTlMTccuAQ"'), (b'X-Powered-By', b'huggingface-moon'), (b'X-Request-Id', b'Root=1-6a9296f4-34d67def78f0042c17c916df;e5043fca-8b20-47db-8c37-860e932a4bd2'), (b'RateLimit', b'"resolvers";r=2988;t=68'), (b'RateLimit-Policy', b'"fixed window";"resolvers";q=3000;w=300'), (b'cross-origin-opener-policy', b'same-origin'), (b'Referrer-Policy', b'strict-origin-when-cross-origin'), (b'Access-Control-Max-Age', b'86400'), (b'Access-Control-Allow-Origin', b'https://huggingface.co'), (b'Vary', b'Origin'), (b'Access-Control-Expose-Headers', b'X-Repo-Commit,X-Request-Id,X-Error-Code,X-Error-Message,X-Total-Count,ETag,Link,Accept-Ranges,Content-Range,X-Linked-Size,X-Linked-ETag,X-Xet-Hash'), (b'X-Repo-Commit', b'5617a9f61b028005a4858fdac845db406aefb181'), (b'Accept-Ranges', b'bytes'), (b'X-HF-Warning', b'unauthenticated; Warning: You are sending unauthenticated requests to the HF Hub. Please set a HF_TOKEN to enable higher rate limits and faster downloads.'), (b'X-Hub-Cache', b'MISS'), (b'X-Error-Code', b'EntryNotFound'), (b'X-Error-Message', b'Entry not found'), (b'X-Cache', b'Error from cloudfront'), (b'Via', b'1.1 6cb44d52412196e4707f3c6a9eb1779c.cloudfront.net (CloudFront)'), (b'X-Amz-Cf-Pop', b'SIN2-P7'), (b'Alt-Svc', b'h3=":443"; ma=86400'), (b'X-Amz-Cf-Id', b'5uqFNCp4PkN2QIcQr1E9P8-m__ttWJsV7EeI_UGaUsVw9FnwjNFvUw=='), (b'Strict-Transport-Security', b'max-age=31536000')])
16:23:16 INFO    HTTP Request: HEAD https://huggingface.co/BAAI/bge-m3/resolve/main/video_preprocessor_config.json "HTTP/1.1 404 Not Found"
16:23:16 DEBUG   receive_response_body.started request=<Request [b'HEAD']>
16:23:16 DEBUG   receive_response_body.complete
16:23:16 DEBUG   response_closed.started
16:23:16 DEBUG   response_closed.complete
16:23:16 DEBUG   send_request_headers.started request=<Request [b'HEAD']>
16:23:16 DEBUG   send_request_headers.complete
16:23:16 DEBUG   send_request_body.started request=<Request [b'HEAD']>
16:23:16 DEBUG   send_request_body.complete
16:23:16 DEBUG   receive_response_headers.started request=<Request [b'HEAD']>
16:23:16 DEBUG   receive_response_headers.complete return_value=(b'HTTP/1.1', 404, b'Not Found', [(b'Content-Type', b'text/plain; charset=utf-8'), (b'Content-Length', b'15'), (b'Connection', b'keep-alive'), (b'Date', b'Sat, 29 Aug 2026 08:23:16 GMT'), (b'ETag', b'W/"f-mY2VvLxuxB7KhsoOdQTlMTccuAQ"'), (b'X-Powered-By', b'huggingface-moon'), (b'X-Request-Id', b'Root=1-6a9296f4-0d8cc4112fc0044365a71a80;910c2b52-2176-4f6b-aec0-ecd12f6a9add'), (b'RateLimit', b'"resolvers";r=2987;t=68'), (b'RateLimit-Policy', b'"fixed window";"resolvers";q=3000;w=300'), (b'cross-origin-opener-policy', b'same-origin'), (b'Referrer-Policy', b'strict-origin-when-cross-origin'), (b'Access-Control-Max-Age', b'86400'), (b'Access-Control-Allow-Origin', b'https://huggingface.co'), (b'Vary', b'Origin'), (b'Access-Control-Expose-Headers', b'X-Repo-Commit,X-Request-Id,X-Error-Code,X-Error-Message,X-Total-Count,ETag,Link,Accept-Ranges,Content-Range,X-Linked-Size,X-Linked-ETag,X-Xet-Hash'), (b'X-Repo-Commit', b'9a0624b896d81da7492a910ffa53731274b6cf3d'), (b'Accept-Ranges', b'bytes'), (b'X-HF-Warning', b'unauthenticated; Warning: You are sending unauthenticated requests to the HF Hub. Please set a HF_TOKEN to enable higher rate limits and faster downloads.'), (b'X-Hub-Cache', b'MISS'), (b'X-Error-Code', b'EntryNotFound'), (b'X-Error-Message', b'Entry not found'), (b'X-Cache', b'Error from cloudfront'), (b'Via', b'1.1 7e99b7501d332edd3ad24dfb6f2ef80c.cloudfront.net (CloudFront)'), (b'X-Amz-Cf-Pop', b'SIN2-P7'), (b'Alt-Svc', b'h3=":443"; ma=86400'), (b'X-Amz-Cf-Id', b'4BS78xikVNLV4QrIQdbYj6Mfid5uL06hw1u4fc3ZHyPivJ5d8ofrig=='), (b'Strict-Transport-Security', b'max-age=31536000')])
16:23:16 INFO    HTTP Request: HEAD https://huggingface.co/BAAI/bge-m3/resolve/refs%2Fpr%2F130/model.safetensors.index.json "HTTP/1.1 404 Not Found"
16:23:16 DEBUG   receive_response_body.started request=<Request [b'HEAD']>
16:23:16 DEBUG   receive_response_body.complete
16:23:16 DEBUG   response_closed.started
16:23:16 DEBUG   response_closed.complete
16:23:16 DEBUG   send_request_headers.started request=<Request [b'HEAD']>
16:23:16 DEBUG   send_request_headers.complete
16:23:16 DEBUG   send_request_body.started request=<Request [b'HEAD']>
16:23:16 DEBUG   send_request_body.complete
16:23:16 DEBUG   receive_response_headers.started request=<Request [b'HEAD']>
16:23:16 DEBUG   receive_response_headers.complete return_value=(b'HTTP/1.1', 404, b'Not Found', [(b'Content-Type', b'text/plain; charset=utf-8'), (b'Content-Length', b'15'), (b'Connection', b'keep-alive'), (b'Date', b'Sat, 29 Aug 2026 08:23:16 GMT'), (b'ETag', b'W/"f-mY2VvLxuxB7KhsoOdQTlMTccuAQ"'), (b'X-Powered-By', b'huggingface-moon'), (b'X-Request-Id', b'Root=1-6a9296f4-5e0b5f63781954e524e77cb0;7f133495-60da-491a-950e-ae6d3282e3f9'), (b'RateLimit', b'"resolvers";r=2986;t=68'), (b'RateLimit-Policy', b'"fixed window";"resolvers";q=3000;w=300'), (b'cross-origin-opener-policy', b'same-origin'), (b'Referrer-Policy', b'strict-origin-when-cross-origin'), (b'Access-Control-Max-Age', b'86400'), (b'Access-Control-Allow-Origin', b'https://huggingface.co'), (b'Vary', b'Origin'), (b'Access-Control-Expose-Headers', b'X-Repo-Commit,X-Request-Id,X-Error-Code,X-Error-Message,X-Total-Count,ETag,Link,Accept-Ranges,Content-Range,X-Linked-Size,X-Linked-ETag,X-Xet-Hash'), (b'X-Repo-Commit', b'5617a9f61b028005a4858fdac845db406aefb181'), (b'Accept-Ranges', b'bytes'), (b'X-HF-Warning', b'unauthenticated; Warning: You are sending unauthenticated requests to the HF Hub. Please set a HF_TOKEN to enable higher rate limits and faster downloads.'), (b'X-Hub-Cache', b'MISS'), (b'X-Error-Code', b'EntryNotFound'), (b'X-Error-Message', b'Entry not found'), (b'X-Cache', b'Error from cloudfront'), (b'Via', b'1.1 6cb44d52412196e4707f3c6a9eb1779c.cloudfront.net (CloudFront)'), (b'X-Amz-Cf-Pop', b'SIN2-P7'), (b'Alt-Svc', b'h3=":443"; ma=86400'), (b'X-Amz-Cf-Id', b'GJwlN5fzSigxlpNeYM_4QnLoiPaNZosGwMOe7tTGgrHhn24OASv4-g=='), (b'Strict-Transport-Security', b'max-age=31536000')])
16:23:16 INFO    HTTP Request: HEAD https://huggingface.co/BAAI/bge-m3/resolve/main/preprocessor_config.json "HTTP/1.1 404 Not Found"
16:23:16 DEBUG   receive_response_body.started request=<Request [b'HEAD']>
16:23:16 DEBUG   receive_response_body.complete
16:23:16 DEBUG   response_closed.started
16:23:16 DEBUG   response_closed.complete
16:23:16 DEBUG   send_request_headers.started request=<Request [b'HEAD']>
16:23:16 DEBUG   send_request_headers.complete
16:23:16 DEBUG   send_request_body.started request=<Request [b'HEAD']>
16:23:16 DEBUG   send_request_body.complete
16:23:16 DEBUG   receive_response_headers.started request=<Request [b'HEAD']>
16:23:16 DEBUG   receive_response_headers.complete return_value=(b'HTTP/1.1', 302, b'Found', [(b'Content-Type', b'text/plain; charset=utf-8'), (b'Content-Length', b'984'), (b'Connection', b'keep-alive'), (b'Date', b'Sat, 29 Aug 2026 08:23:16 GMT'), (b'Location', b'https://us.aws.cdn.hf.co/xet-bridge-us/65b53851e602b6c2c96e78da/668d1dbd1c38b39126b615cb826f7ff27ed48ad80734a07d82902f3ffccef4bf?X-Xet-Cas-Uid=public&response-content-disposition=inline%3B+filename*%3DUTF-8%27%27model.safetensors%3B+filename%3D%22model.safetensors%22%3B&user_id=public&Expires=1787995396&Policy=eyJTdGF0ZW1lbnQiOlt7IlJlc291cmNlIjoiaHR0cHM6Ly91cy5hd3MuY2RuLmhmLmNvL3hldC1icmlkZ2UtdXMvNjViNTM4NTFlNjAyYjZjMmM5NmU3OGRhLzY2OGQxZGJkMWMzOGIzOTEyNmI2MTVjYjgyNmY3ZmYyN2VkNDhhZDgwNzM0YTA3ZDgyOTAyZjNmZmNjZWY0YmZcXD9YLVhldC1DYXMtVWlkPXB1YmxpYyZyZXNwb25zZS1jb250ZW50LWRpc3Bvc2l0aW9uPWlubGluZSUzQitmaWxlbmFtZSUyQSUzRFVURi04JTI3JTI3bW9kZWwuc2FmZXRlbnNvcnMlM0IrZmlsZW5hbWUlM0QlMjJtb2RlbC5zYWZldGVuc29ycyUyMiUzQiZ1c2VyX2lkPXB1YmxpYyIsIkNvbmRpdGlvbiI6eyJEYXRlTGVzc1RoYW4iOnsiRXBvY2hUaW1lIjoxNzg3OTk1Mzk2fX19XX0_&Signature=MEQCIA08qyZrTveW7u9TIIlQMekNm4MnXQ89ZJZ3%7EyK-yXK0AiABXXWJhDOYurJ4oHZR97Oy%7E1W6OQpLVG4jItQpH-8OcQ__&Key-Pair-Id=01KXEF4KZ1B6FV465MAWR4M21F'), (b'X-Powered-By', b'huggingface-moon'), (b'X-Request-Id', b'Root=1-6a9296f4-4308c81423682a416694ed4f;8f52ba97-4ee4-4af8-8ce7-f3ab509b0957'), (b'RateLimit', b'"resolvers";r=2985;t=68'), (b'RateLimit-Policy', b'"fixed window";"resolvers";q=3000;w=300'), (b'cross-origin-opener-policy', b'same-origin'), (b'Referrer-Policy', b'strict-origin-when-cross-origin'), (b'Access-Control-Max-Age', b'86400'), (b'Access-Control-Allow-Origin', b'https://huggingface.co'), (b'Vary', b'Origin, Accept'), (b'Access-Control-Expose-Headers', b'X-Repo-Commit,X-Request-Id,X-Error-Code,X-Error-Message,X-Total-Count,ETag,Link,Accept-Ranges,Content-Range,X-Linked-Size,X-Linked-ETag,X-Xet-Hash'), (b'X-Repo-Commit', b'9a0624b896d81da7492a910ffa53731274b6cf3d'), (b'Accept-Ranges', b'bytes'), (b'X-HF-Warning', b'unauthenticated; Warning: You are sending unauthenticated requests to the HF Hub. Please set a HF_TOKEN to enable higher rate limits and faster downloads.'), (b'X-Hub-Cache', b'HIT'), (b'X-Linked-Size', b'2271064456'), (b'X-Linked-ETag', b'"993b2248881724788dcab8c644a91dfd63584b6e5604ff2037cb5541e1e38e7e"'), (b'Cache-Control', b'no-store'), (b'X-Xet-Hash', b'668d1dbd1c38b39126b615cb826f7ff27ed48ad80734a07d82902f3ffccef4bf'), (b'Link', b'<https://huggingface.co/api/models/BAAI/bge-m3/xet-read-token/9a0624b896d81da7492a910ffa53731274b6cf3d>; rel="xet-auth", <https://cas-server.xethub.hf.co/v1/reconstructions/668d1dbd1c38b39126b615cb826f7ff27ed48ad80734a07d82902f3ffccef4bf>; rel="xet-reconstruction-info"'), (b'X-Cache', b'Miss from cloudfront'), (b'Via', b'1.1 7e99b7501d332edd3ad24dfb6f2ef80c.cloudfront.net (CloudFront)'), (b'X-Amz-Cf-Pop', b'SIN2-P7'), (b'Alt-Svc', b'h3=":443"; ma=86400'), (b'X-Amz-Cf-Id', b'u_EEP-2MgIdVcTbBUWE_4JAHcE1_-cEeUCe7GhAfnEwxLugcAdx8nA=='), (b'Strict-Transport-Security', b'max-age=31536000')])
16:23:16 INFO    HTTP Request: HEAD https://huggingface.co/BAAI/bge-m3/resolve/refs%2Fpr%2F130/model.safetensors "HTTP/1.1 302 Found"
16:23:16 DEBUG   receive_response_body.started request=<Request [b'HEAD']>
16:23:16 DEBUG   receive_response_body.complete
16:23:16 DEBUG   response_closed.started
16:23:16 DEBUG   response_closed.complete
16:23:16 DEBUG   receive_response_headers.complete return_value=(b'HTTP/1.1', 307, b'Temporary Redirect', [(b'Content-Type', b'text/plain; charset=utf-8'), (b'Content-Length', b'246'), (b'Connection', b'keep-alive'), (b'Date', b'Sat, 29 Aug 2026 08:23:16 GMT'), (b'Location', b'/api/resolve-cache/models/BAAI/bge-m3/5617a9f61b028005a4858fdac845db406aefb181/tokenizer_config.json?%2FBAAI%2Fbge-m3%2Fresolve%2Fmain%2Ftokenizer_config.json=&etag=%22dc69ac559dcba2694012009aaa108c614541789a%22'), (b'X-Powered-By', b'huggingface-moon'), (b'X-Request-Id', b'Root=1-6a9296f4-137050a269c9b72e7d8e78fe;3a8cb3ca-e899-4f47-a220-6f56e7392da2'), (b'RateLimit', b'"resolvers";r=2984;t=68'), (b'RateLimit-Policy', b'"fixed window";"resolvers";q=3000;w=300'), (b'cross-origin-opener-policy', b'same-origin'), (b'Referrer-Policy', b'strict-origin-when-cross-origin'), (b'Access-Control-Max-Age', b'86400'), (b'Access-Control-Allow-Origin', b'https://huggingface.co'), (b'Vary', b'Origin, Accept'), (b'Access-Control-Expose-Headers', b'X-Repo-Commit,X-Request-Id,X-Error-Code,X-Error-Message,X-Total-Count,ETag,Link,Accept-Ranges,Content-Range,X-Linked-Size,X-Linked-ETag,X-Xet-Hash'), (b'X-Repo-Commit', b'5617a9f61b028005a4858fdac845db406aefb181'), (b'Accept-Ranges', b'bytes'), (b'X-HF-Warning', b'unauthenticated; Warning: You are sending unauthenticated requests to the HF Hub. Please set a HF_TOKEN to enable higher rate limits and faster downloads.'), (b'X-Hub-Cache', b'HIT'), (b'Content-Disposition', b'inline; filename*=UTF-8\'\'tokenizer_config.json; filename="tokenizer_config.json";'), (b'Content-Security-Policy', b"default-src 'none'; sandbox"), (b'X-Linked-ETag', b'"dc69ac559dcba2694012009aaa108c614541789a"'), (b'X-Cache', b'Miss from cloudfront'), (b'Via', b'1.1 6cb44d52412196e4707f3c6a9eb1779c.cloudfront.net (CloudFront)'), (b'X-Amz-Cf-Pop', b'SIN2-P7'), (b'Alt-Svc', b'h3=":443"; ma=86400'), (b'X-Amz-Cf-Id', b'DvtzSWCWl4IkNE54Qz4x8NWM-YQS07V0DX6l1olv5ort6LETOCINwQ=='), (b'Strict-Transport-Security', b'max-age=31536000')])
16:23:16 INFO    HTTP Request: HEAD https://huggingface.co/BAAI/bge-m3/resolve/main/tokenizer_config.json "HTTP/1.1 307 Temporary Redirect"
16:23:16 DEBUG   receive_response_body.started request=<Request [b'HEAD']>
16:23:16 DEBUG   receive_response_body.complete
16:23:16 DEBUG   response_closed.started
16:23:16 DEBUG   response_closed.complete
16:23:16 DEBUG   send_request_headers.started request=<Request [b'HEAD']>
16:23:16 DEBUG   send_request_headers.complete
16:23:16 DEBUG   send_request_body.started request=<Request [b'HEAD']>
16:23:16 DEBUG   send_request_body.complete
16:23:16 DEBUG   receive_response_headers.started request=<Request [b'HEAD']>
16:23:16 DEBUG   receive_response_headers.complete return_value=(b'HTTP/1.1', 200, b'OK', [(b'Content-Type', b'text/plain; charset=utf-8'), (b'Content-Length', b'444'), (b'Connection', b'keep-alive'), (b'Date', b'Thu, 12 Feb 2026 15:26:03 GMT'), (b'ETag', b'"dc69ac559dcba2694012009aaa108c614541789a"'), (b'X-Powered-By', b'huggingface-moon'), (b'X-Request-Id', b'5d2cbb65-053c-4a5b-a212-73925a07bef0'), (b'RateLimit', b'"resolvers";r=2962;t=157'), (b'RateLimit-Policy', b'"fixed window";"resolvers";q=3000;w=300'), (b'cross-origin-opener-policy', b'same-origin'), (b'Referrer-Policy', b'strict-origin-when-cross-origin'), (b'Access-Control-Max-Age', b'86400'), (b'Access-Control-Allow-Origin', b'https://huggingface.co'), (b'Access-Control-Expose-Headers', b'X-Repo-Commit,X-Request-Id,X-Error-Code,X-Error-Message,X-Total-Count,ETag,Link,Accept-Ranges,Content-Range,X-Linked-Size,X-Linked-ETag,X-Xet-Hash'), (b'X-Repo-Commit', b'5617a9f61b028005a4858fdac845db406aefb181'), (b'Accept-Ranges', b'bytes'), (b'Content-Disposition', b'inline; filename*=UTF-8\'\'tokenizer_config.json; filename="tokenizer_config.json";'), (b'Content-Security-Policy', b"default-src 'none'; sandbox"), (b'Vary', b'Origin'), (b'X-Cache', b'Hit from cloudfront'), (b'Via', b'1.1 7e99b7501d332edd3ad24dfb6f2ef80c.cloudfront.net (CloudFront)'), (b'X-Amz-Cf-Pop', b'SIN2-P7'), (b'Alt-Svc', b'h3=":443"; ma=86400'), (b'X-Amz-Cf-Id', b'hP2Ns4OdYnvWgaIpY6Yn-RmnxDpkP2j31pzyy3-F-H0cKyMYws6ZGw=='), (b'Age', b'17081833'), (b'Strict-Transport-Security', b'max-age=31536000')])
16:23:16 INFO    HTTP Request: HEAD https://huggingface.co/api/resolve-cache/models/BAAI/bge-m3/5617a9f61b028005a4858fdac845db406aefb181/tokenizer_config.json "HTTP/1.1 200 OK"
16:23:16 DEBUG   receive_response_body.started request=<Request [b'HEAD']>
16:23:16 DEBUG   receive_response_body.complete
16:23:16 DEBUG   response_closed.started
16:23:16 DEBUG   response_closed.complete
16:23:16 DEBUG   send_request_headers.started request=<Request [b'HEAD']>
16:23:16 DEBUG   send_request_headers.complete
16:23:16 DEBUG   send_request_body.started request=<Request [b'HEAD']>
16:23:16 DEBUG   send_request_body.complete
16:23:16 DEBUG   receive_response_headers.started request=<Request [b'HEAD']>
16:23:17 DEBUG   receive_response_headers.complete return_value=(b'HTTP/1.1', 307, b'Temporary Redirect', [(b'Content-Type', b'text/plain; charset=utf-8'), (b'Content-Length', b'226'), (b'Connection', b'keep-alive'), (b'Date', b'Sat, 29 Aug 2026 08:23:16 GMT'), (b'Location', b'/api/resolve-cache/models/BAAI/bge-m3/5617a9f61b028005a4858fdac845db406aefb181/config.json?%2FBAAI%2Fbge-m3%2Fresolve%2Fmain%2Fconfig.json=&etag=%22e6eda1c72da8f9dc30fdd9b69c73d35af3b7a7ad%22'), (b'X-Powered-By', b'huggingface-moon'), (b'X-Request-Id', b'Root=1-6a9296f4-30110d8b655f70f565954e59;561fdfc3-6e36-49c9-9ff3-5f2c788869c9'), (b'RateLimit', b'"resolvers";r=2983;t=68'), (b'RateLimit-Policy', b'"fixed window";"resolvers";q=3000;w=300'), (b'cross-origin-opener-policy', b'same-origin'), (b'Referrer-Policy', b'strict-origin-when-cross-origin'), (b'Access-Control-Max-Age', b'86400'), (b'Access-Control-Allow-Origin', b'https://huggingface.co'), (b'Vary', b'Origin, Accept'), (b'Access-Control-Expose-Headers', b'X-Repo-Commit,X-Request-Id,X-Error-Code,X-Error-Message,X-Total-Count,ETag,Link,Accept-Ranges,Content-Range,X-Linked-Size,X-Linked-ETag,X-Xet-Hash'), (b'X-Repo-Commit', b'5617a9f61b028005a4858fdac845db406aefb181'), (b'Accept-Ranges', b'bytes'), (b'X-HF-Warning', b'unauthenticated; Warning: You are sending unauthenticated requests to the HF Hub. Please set a HF_TOKEN to enable higher rate limits and faster downloads.'), (b'X-Hub-Cache', b'HIT'), (b'Content-Disposition', b'inline; filename*=UTF-8\'\'config.json; filename="config.json";'), (b'Content-Security-Policy', b"default-src 'none'; sandbox"), (b'X-Linked-ETag', b'"e6eda1c72da8f9dc30fdd9b69c73d35af3b7a7ad"'), (b'X-Cache', b'Miss from cloudfront'), (b'Via', b'1.1 7e99b7501d332edd3ad24dfb6f2ef80c.cloudfront.net (CloudFront)'), (b'X-Amz-Cf-Pop', b'SIN2-P7'), (b'Alt-Svc', b'h3=":443"; ma=86400'), (b'X-Amz-Cf-Id', b'16u3foPyjCmlTWJR6oiaC5XCE7h0kWl_hbmpLKy9-Yj8-w94mnq3MA=='), (b'Strict-Transport-Security', b'max-age=31536000')])
16:23:17 INFO    HTTP Request: HEAD https://huggingface.co/BAAI/bge-m3/resolve/main/config.json "HTTP/1.1 307 Temporary Redirect"
16:23:17 DEBUG   receive_response_body.started request=<Request [b'HEAD']>
16:23:17 DEBUG   receive_response_body.complete
16:23:17 DEBUG   response_closed.started
16:23:17 DEBUG   response_closed.complete
16:23:17 DEBUG   send_request_headers.started request=<Request [b'HEAD']>
16:23:17 DEBUG   send_request_headers.complete
16:23:17 DEBUG   send_request_body.started request=<Request [b'HEAD']>
16:23:17 DEBUG   send_request_body.complete
16:23:17 DEBUG   receive_response_headers.started request=<Request [b'HEAD']>
16:23:17 DEBUG   receive_response_headers.complete return_value=(b'HTTP/1.1', 200, b'OK', [(b'Content-Type', b'text/plain; charset=utf-8'), (b'Content-Length', b'687'), (b'Connection', b'keep-alive'), (b'Date', b'Sun, 31 Aug 2025 06:28:15 GMT'), (b'ETag', b'"e6eda1c72da8f9dc30fdd9b69c73d35af3b7a7ad"'), (b'X-Powered-By', b'huggingface-moon'), (b'cross-origin-opener-policy', b'same-origin'), (b'Referrer-Policy', b'strict-origin-when-cross-origin'), (b'X-Request-Id', b'Root=1-68b3eb7f-6fc2683f193c309340b63d27;022cb13d-c892-4a02-91d5-85bea5ae855a'), (b'Access-Control-Allow-Origin', b'https://huggingface.co'), (b'Access-Control-Expose-Headers', b'X-Repo-Commit,X-Request-Id,X-Error-Code,X-Error-Message,X-Total-Count,ETag,Link,Accept-Ranges,Content-Range,X-Linked-Size,X-Linked-ETag,X-Xet-Hash'), (b'X-Repo-Commit', b'5617a9f61b028005a4858fdac845db406aefb181'), (b'Accept-Ranges', b'bytes'), (b'Content-Disposition', b'inline; filename*=UTF-8\'\'config.json; filename="config.json";'), (b'Content-Security-Policy', b"default-src 'none'; sandbox"), (b'Vary', b'Origin'), (b'X-Cache', b'Hit from cloudfront'), (b'Via', b'1.1 7e99b7501d332edd3ad24dfb6f2ef80c.cloudfront.net (CloudFront)'), (b'X-Amz-Cf-Pop', b'SIN2-P7'), (b'Alt-Svc', b'h3=":443"; ma=86400'), (b'X-Amz-Cf-Id', b'rEQUHgHfs2sKYuHGXqfqIFEkj2-BscbHijYDRuhCJKSySTEVQ-E7Hw=='), (b'Age', b'31370101'), (b'Strict-Transport-Security', b'max-age=31536000')])
16:23:17 INFO    HTTP Request: HEAD https://huggingface.co/api/resolve-cache/models/BAAI/bge-m3/5617a9f61b028005a4858fdac845db406aefb181/config.json "HTTP/1.1 200 OK"
16:23:17 DEBUG   receive_response_body.started request=<Request [b'HEAD']>
16:23:17 DEBUG   receive_response_body.complete
16:23:17 DEBUG   response_closed.started
16:23:17 DEBUG   response_closed.complete
16:23:17 DEBUG   send_request_headers.started request=<Request [b'HEAD']>
16:23:17 DEBUG   send_request_headers.complete
16:23:17 DEBUG   send_request_body.started request=<Request [b'HEAD']>
16:23:17 DEBUG   send_request_body.complete
16:23:17 DEBUG   receive_response_headers.started request=<Request [b'HEAD']>
16:23:17 DEBUG   receive_response_headers.complete return_value=(b'HTTP/1.1', 307, b'Temporary Redirect', [(b'Content-Type', b'text/plain; charset=utf-8'), (b'Content-Length', b'226'), (b'Connection', b'keep-alive'), (b'Date', b'Sat, 29 Aug 2026 08:23:17 GMT'), (b'Location', b'/api/resolve-cache/models/BAAI/bge-m3/5617a9f61b028005a4858fdac845db406aefb181/config.json?%2FBAAI%2Fbge-m3%2Fresolve%2Fmain%2Fconfig.json=&etag=%22e6eda1c72da8f9dc30fdd9b69c73d35af3b7a7ad%22'), (b'X-Powered-By', b'huggingface-moon'), (b'X-Request-Id', b'Root=1-6a9296f5-0e4815395a4c22755663ec30;2928c661-26ee-4cd6-a91f-4f9310588640'), (b'RateLimit', b'"resolvers";r=2982;t=67'), (b'RateLimit-Policy', b'"fixed window";"resolvers";q=3000;w=300'), (b'cross-origin-opener-policy', b'same-origin'), (b'Referrer-Policy', b'strict-origin-when-cross-origin'), (b'Access-Control-Max-Age', b'86400'), (b'Access-Control-Allow-Origin', b'https://huggingface.co'), (b'Vary', b'Origin, Accept'), (b'Access-Control-Expose-Headers', b'X-Repo-Commit,X-Request-Id,X-Error-Code,X-Error-Message,X-Total-Count,ETag,Link,Accept-Ranges,Content-Range,X-Linked-Size,X-Linked-ETag,X-Xet-Hash'), (b'X-Repo-Commit', b'5617a9f61b028005a4858fdac845db406aefb181'), (b'Accept-Ranges', b'bytes'), (b'X-Hub-Cache', b'HIT'), (b'Content-Disposition', b'inline; filename*=UTF-8\'\'config.json; filename="config.json";'), (b'Content-Security-Policy', b"default-src 'none'; sandbox"), (b'X-Linked-ETag', b'"e6eda1c72da8f9dc30fdd9b69c73d35af3b7a7ad"'), (b'X-Cache', b'Miss from cloudfront'), (b'Via', b'1.1 7e99b7501d332edd3ad24dfb6f2ef80c.cloudfront.net (CloudFront)'), (b'X-Amz-Cf-Pop', b'SIN2-P7'), (b'Alt-Svc', b'h3=":443"; ma=86400'), (b'X-Amz-Cf-Id', b'3QaZJHwMsQQQ5UuOtfrr-CXg1ajrYqWyYHILzAJ8uwvs4qf8bpxmyw=='), (b'Strict-Transport-Security', b'max-age=31536000')])
16:23:17 INFO    HTTP Request: HEAD https://huggingface.co/BAAI/bge-m3/resolve/main/config.json "HTTP/1.1 307 Temporary Redirect"
16:23:17 DEBUG   receive_response_body.started request=<Request [b'HEAD']>
16:23:17 DEBUG   receive_response_body.complete
16:23:17 DEBUG   response_closed.started
16:23:17 DEBUG   response_closed.complete
16:23:17 DEBUG   send_request_headers.started request=<Request [b'HEAD']>
16:23:17 DEBUG   send_request_headers.complete
16:23:17 DEBUG   send_request_body.started request=<Request [b'HEAD']>
16:23:17 DEBUG   send_request_body.complete
16:23:17 DEBUG   receive_response_headers.started request=<Request [b'HEAD']>
16:23:17 DEBUG   receive_response_headers.complete return_value=(b'HTTP/1.1', 200, b'OK', [(b'Content-Type', b'text/plain; charset=utf-8'), (b'Content-Length', b'687'), (b'Connection', b'keep-alive'), (b'Date', b'Sun, 31 Aug 2025 06:28:15 GMT'), (b'ETag', b'"e6eda1c72da8f9dc30fdd9b69c73d35af3b7a7ad"'), (b'X-Powered-By', b'huggingface-moon'), (b'cross-origin-opener-policy', b'same-origin'), (b'Referrer-Policy', b'strict-origin-when-cross-origin'), (b'X-Request-Id', b'Root=1-68b3eb7f-6fc2683f193c309340b63d27;022cb13d-c892-4a02-91d5-85bea5ae855a'), (b'Access-Control-Allow-Origin', b'https://huggingface.co'), (b'Access-Control-Expose-Headers', b'X-Repo-Commit,X-Request-Id,X-Error-Code,X-Error-Message,X-Total-Count,ETag,Link,Accept-Ranges,Content-Range,X-Linked-Size,X-Linked-ETag,X-Xet-Hash'), (b'X-Repo-Commit', b'5617a9f61b028005a4858fdac845db406aefb181'), (b'Accept-Ranges', b'bytes'), (b'Content-Disposition', b'inline; filename*=UTF-8\'\'config.json; filename="config.json";'), (b'Content-Security-Policy', b"default-src 'none'; sandbox"), (b'Vary', b'Origin'), (b'X-Cache', b'Hit from cloudfront'), (b'Via', b'1.1 7e99b7501d332edd3ad24dfb6f2ef80c.cloudfront.net (CloudFront)'), (b'X-Amz-Cf-Pop', b'SIN2-P7'), (b'Alt-Svc', b'h3=":443"; ma=86400'), (b'X-Amz-Cf-Id', b'vYxuTaKkSVbPnSLBWy2Tx-9qcC2yyW-XZ1ivihxy3Bv0eS96sHnSuA=='), (b'Age', b'31370102'), (b'Strict-Transport-Security', b'max-age=31536000')])
16:23:17 INFO    HTTP Request: HEAD https://huggingface.co/api/resolve-cache/models/BAAI/bge-m3/5617a9f61b028005a4858fdac845db406aefb181/config.json "HTTP/1.1 200 OK"
16:23:17 DEBUG   receive_response_body.started request=<Request [b'HEAD']>
16:23:17 DEBUG   receive_response_body.complete
16:23:17 DEBUG   response_closed.started
16:23:17 DEBUG   response_closed.complete
16:23:17 DEBUG   send_request_headers.started request=<Request [b'HEAD']>
16:23:17 DEBUG   send_request_headers.complete
16:23:17 DEBUG   send_request_body.started request=<Request [b'HEAD']>
16:23:17 DEBUG   send_request_body.complete
16:23:17 DEBUG   receive_response_headers.started request=<Request [b'HEAD']>
16:23:17 DEBUG   receive_response_headers.complete return_value=(b'HTTP/1.1', 307, b'Temporary Redirect', [(b'Content-Type', b'text/plain; charset=utf-8'), (b'Content-Length', b'246'), (b'Connection', b'keep-alive'), (b'Date', b'Sat, 29 Aug 2026 08:23:17 GMT'), (b'Location', b'/api/resolve-cache/models/BAAI/bge-m3/5617a9f61b028005a4858fdac845db406aefb181/tokenizer_config.json?%2FBAAI%2Fbge-m3%2Fresolve%2Fmain%2Ftokenizer_config.json=&etag=%22dc69ac559dcba2694012009aaa108c614541789a%22'), (b'X-Powered-By', b'huggingface-moon'), (b'X-Request-Id', b'Root=1-6a9296f5-75a5f8916830397e75761a10;1fe1d125-9919-4ec4-b16f-958515b0f74c'), (b'RateLimit', b'"resolvers";r=2981;t=67'), (b'RateLimit-Policy', b'"fixed window";"resolvers";q=3000;w=300'), (b'cross-origin-opener-policy', b'same-origin'), (b'Referrer-Policy', b'strict-origin-when-cross-origin'), (b'Access-Control-Max-Age', b'86400'), (b'Access-Control-Allow-Origin', b'https://huggingface.co'), (b'Vary', b'Origin, Accept'), (b'Access-Control-Expose-Headers', b'X-Repo-Commit,X-Request-Id,X-Error-Code,X-Error-Message,X-Total-Count,ETag,Link,Accept-Ranges,Content-Range,X-Linked-Size,X-Linked-ETag,X-Xet-Hash'), (b'X-Repo-Commit', b'5617a9f61b028005a4858fdac845db406aefb181'), (b'Accept-Ranges', b'bytes'), (b'X-Hub-Cache', b'HIT'), (b'Content-Disposition', b'inline; filename*=UTF-8\'\'tokenizer_config.json; filename="tokenizer_config.json";'), (b'Content-Security-Policy', b"default-src 'none'; sandbox"), (b'X-Linked-ETag', b'"dc69ac559dcba2694012009aaa108c614541789a"'), (b'X-Cache', b'Miss from cloudfront'), (b'Via', b'1.1 7e99b7501d332edd3ad24dfb6f2ef80c.cloudfront.net (CloudFront)'), (b'X-Amz-Cf-Pop', b'SIN2-P7'), (b'Alt-Svc', b'h3=":443"; ma=86400'), (b'X-Amz-Cf-Id', b'oxSYeVT_Mj2X1qz-pDfHdTuNSRnLZHzbEeJZ8gI9LQMzpK40fd5qxg=='), (b'Strict-Transport-Security', b'max-age=31536000')])
16:23:17 INFO    HTTP Request: HEAD https://huggingface.co/BAAI/bge-m3/resolve/main/tokenizer_config.json "HTTP/1.1 307 Temporary Redirect"
16:23:17 DEBUG   receive_response_body.started request=<Request [b'HEAD']>
16:23:17 DEBUG   receive_response_body.complete
16:23:17 DEBUG   response_closed.started
16:23:17 DEBUG   response_closed.complete
16:23:17 DEBUG   send_request_headers.started request=<Request [b'HEAD']>
16:23:17 DEBUG   send_request_headers.complete
16:23:17 DEBUG   send_request_body.started request=<Request [b'HEAD']>
16:23:17 DEBUG   send_request_body.complete
16:23:17 DEBUG   receive_response_headers.started request=<Request [b'HEAD']>
16:23:17 DEBUG   receive_response_headers.complete return_value=(b'HTTP/1.1', 200, b'OK', [(b'Content-Type', b'text/plain; charset=utf-8'), (b'Content-Length', b'444'), (b'Connection', b'keep-alive'), (b'Date', b'Thu, 12 Feb 2026 15:26:03 GMT'), (b'ETag', b'"dc69ac559dcba2694012009aaa108c614541789a"'), (b'X-Powered-By', b'huggingface-moon'), (b'X-Request-Id', b'5d2cbb65-053c-4a5b-a212-73925a07bef0'), (b'RateLimit', b'"resolvers";r=2962;t=157'), (b'RateLimit-Policy', b'"fixed window";"resolvers";q=3000;w=300'), (b'cross-origin-opener-policy', b'same-origin'), (b'Referrer-Policy', b'strict-origin-when-cross-origin'), (b'Access-Control-Max-Age', b'86400'), (b'Access-Control-Allow-Origin', b'https://huggingface.co'), (b'Access-Control-Expose-Headers', b'X-Repo-Commit,X-Request-Id,X-Error-Code,X-Error-Message,X-Total-Count,ETag,Link,Accept-Ranges,Content-Range,X-Linked-Size,X-Linked-ETag,X-Xet-Hash'), (b'X-Repo-Commit', b'5617a9f61b028005a4858fdac845db406aefb181'), (b'Accept-Ranges', b'bytes'), (b'Content-Disposition', b'inline; filename*=UTF-8\'\'tokenizer_config.json; filename="tokenizer_config.json";'), (b'Content-Security-Policy', b"default-src 'none'; sandbox"), (b'Vary', b'Origin'), (b'X-Cache', b'Hit from cloudfront'), (b'Via', b'1.1 7e99b7501d332edd3ad24dfb6f2ef80c.cloudfront.net (CloudFront)'), (b'X-Amz-Cf-Pop', b'SIN2-P7'), (b'Alt-Svc', b'h3=":443"; ma=86400'), (b'X-Amz-Cf-Id', b'YYa8vSb8lKiqEhB2uWWd-hBPSKBxb39uoe_4xcQ5xx55ks0fIe78SA=='), (b'Age', b'17081834'), (b'Strict-Transport-Security', b'max-age=31536000')])
16:23:17 INFO    HTTP Request: HEAD https://huggingface.co/api/resolve-cache/models/BAAI/bge-m3/5617a9f61b028005a4858fdac845db406aefb181/tokenizer_config.json "HTTP/1.1 200 OK"
16:23:17 DEBUG   receive_response_body.started request=<Request [b'HEAD']>
16:23:17 DEBUG   receive_response_body.complete
16:23:17 DEBUG   response_closed.started
16:23:17 DEBUG   response_closed.complete
16:23:17 DEBUG   send_request_headers.started request=<Request [b'GET']>
16:23:17 DEBUG   send_request_headers.complete
16:23:17 DEBUG   send_request_body.started request=<Request [b'GET']>
16:23:17 DEBUG   send_request_body.complete
16:23:17 DEBUG   receive_response_headers.started request=<Request [b'GET']>
16:23:17 DEBUG   receive_response_headers.complete return_value=(b'HTTP/1.1', 404, b'Not Found', [(b'Content-Type', b'application/json; charset=utf-8'), (b'Content-Length', b'64'), (b'Connection', b'keep-alive'), (b'Date', b'Sat, 29 Aug 2026 08:23:17 GMT'), (b'ETag', b'W/"40-09f9IAqP13xarAhQxFS2W8rvRkM"'), (b'X-Powered-By', b'huggingface-moon'), (b'X-Request-Id', b'Root=1-6a9296f5-3c47a80a67c1c8e262ae3018;325d43d3-74ee-42cc-9ac5-2c878885865f'), (b'RateLimit', b'"api";r=495;t=67'), (b'RateLimit-Policy', b'"fixed window";"api";q=500;w=300'), (b'cross-origin-opener-policy', b'same-origin'), (b'Referrer-Policy', b'strict-origin-when-cross-origin'), (b'Access-Control-Max-Age', b'86400'), (b'Access-Control-Allow-Origin', b'https://huggingface.co'), (b'Vary', b'Origin'), (b'Access-Control-Expose-Headers', b'X-Repo-Commit,X-Request-Id,X-Error-Code,X-Error-Message,X-Total-Count,ETag,Link,Accept-Ranges,Content-Range,X-Linked-Size,X-Linked-ETag,X-Xet-Hash'), (b'X-Error-Code', b'EntryNotFound'), (b'X-Error-Message', b'additional_chat_templates does not exist on "main"'), (b'X-Cache', b'Error from cloudfront'), (b'Via', b'1.1 7e99b7501d332edd3ad24dfb6f2ef80c.cloudfront.net (CloudFront)'), (b'X-Amz-Cf-Pop', b'SIN2-P7'), (b'Alt-Svc', b'h3=":443"; ma=86400'), (b'X-Amz-Cf-Id', b'BMMGFNkxrvtorozTvl9CdfZHf4bLoNK5Bos1u09K7NMi9ksrgAIQgg=='), (b'Strict-Transport-Security', b'max-age=31536000')])
16:23:17 INFO    HTTP Request: GET https://huggingface.co/api/models/BAAI/bge-m3/tree/main/additional_chat_templates?recursive=false&expand=false "HTTP/1.1 404 Not Found"
16:23:17 DEBUG   receive_response_body.started request=<Request [b'GET']>
16:23:17 DEBUG   receive_response_body.complete
16:23:17 DEBUG   response_closed.started
16:23:17 DEBUG   response_closed.complete
16:23:17 DEBUG   send_request_headers.started request=<Request [b'GET']>
16:23:17 DEBUG   send_request_headers.complete
16:23:17 DEBUG   send_request_body.started request=<Request [b'GET']>
16:23:17 DEBUG   send_request_body.complete
16:23:17 DEBUG   receive_response_headers.started request=<Request [b'GET']>
16:23:18 DEBUG   receive_response_headers.complete return_value=(b'HTTP/1.1', 200, b'OK', [(b'Content-Type', b'application/json; charset=utf-8'), (b'Transfer-Encoding', b'chunked'), (b'Connection', b'keep-alive'), (b'Date', b'Sat, 29 Aug 2026 08:23:17 GMT'), (b'content-encoding', b'gzip'), (b'ETag', b'W/"1449-wl3dgqr2gs1a+DHPwEOIIoVmlmU"'), (b'X-Powered-By', b'huggingface-moon'), (b'X-Request-Id', b'Root=1-6a9296f5-015cd2ad107885b761f65cbd;d2bac5db-4200-4e27-91d6-4940b0df4372'), (b'RateLimit', b'"api";r=494;t=67'), (b'RateLimit-Policy', b'"fixed window";"api";q=500;w=300'), (b'cross-origin-opener-policy', b'same-origin'), (b'Referrer-Policy', b'strict-origin-when-cross-origin'), (b'Access-Control-Max-Age', b'86400'), (b'Access-Control-Allow-Origin', b'https://huggingface.co'), (b'Vary', b'Origin'), (b'vary', b'Accept-Encoding'), (b'Access-Control-Expose-Headers', b'X-Repo-Commit,X-Request-Id,X-Error-Code,X-Error-Message,X-Total-Count,ETag,Link,Accept-Ranges,Content-Range,X-Linked-Size,X-Linked-ETag,X-Xet-Hash'), (b'X-Cache', b'Miss from cloudfront'), (b'Via', b'1.1 7e99b7501d332edd3ad24dfb6f2ef80c.cloudfront.net (CloudFront)'), (b'X-Amz-Cf-Pop', b'SIN2-P7'), (b'Alt-Svc', b'h3=":443"; ma=86400'), (b'X-Amz-Cf-Id', b'VQ1Dn_Fx0SyOB8IFWHJHoKQDA8YAnTaL4VqE2bcwu-Wf6vX1JOKLrA=='), (b'Strict-Transport-Security', b'max-age=31536000')])
16:23:18 INFO    HTTP Request: GET https://huggingface.co/api/models/BAAI/bge-m3/tree/main?recursive=true&expand=false "HTTP/1.1 200 OK"
16:23:18 DEBUG   receive_response_body.started request=<Request [b'GET']>
16:23:18 DEBUG   receive_response_body.complete
16:23:18 DEBUG   response_closed.started
16:23:18 DEBUG   response_closed.complete
16:23:21 DEBUG   send_request_headers.started request=<Request [b'GET']>
16:23:21 DEBUG   send_request_headers.complete
16:23:21 DEBUG   send_request_body.started request=<Request [b'GET']>
16:23:21 DEBUG   send_request_body.complete
16:23:21 DEBUG   receive_response_headers.started request=<Request [b'GET']>
16:23:21 DEBUG   receive_response_headers.complete return_value=(b'HTTP/1.1', 200, b'OK', [(b'Content-Type', b'application/json; charset=utf-8'), (b'Transfer-Encoding', b'chunked'), (b'Connection', b'keep-alive'), (b'Date', b'Sat, 29 Aug 2026 08:23:21 GMT'), (b'content-encoding', b'gzip'), (b'ETag', b'W/"14a9-z2m/IShexXMrLakRE1EpscuQGH8"'), (b'X-Powered-By', b'huggingface-moon'), (b'X-Request-Id', b'Root=1-6a9296f9-1b886c99327e2c8b52b7e4a1;79686741-b498-4887-a0e1-d97c78e55627'), (b'RateLimit', b'"api";r=493;t=63'), (b'RateLimit-Policy', b'"fixed window";"api";q=500;w=300'), (b'cross-origin-opener-policy', b'same-origin'), (b'Referrer-Policy', b'strict-origin-when-cross-origin'), (b'Access-Control-Max-Age', b'86400'), (b'Access-Control-Allow-Origin', b'https://huggingface.co'), (b'Vary', b'Origin'), (b'vary', b'Accept-Encoding'), (b'Access-Control-Expose-Headers', b'X-Repo-Commit,X-Request-Id,X-Error-Code,X-Error-Message,X-Total-Count,ETag,Link,Accept-Ranges,Content-Range,X-Linked-Size,X-Linked-ETag,X-Xet-Hash'), (b'X-Cache', b'Miss from cloudfront'), (b'Via', b'1.1 7e99b7501d332edd3ad24dfb6f2ef80c.cloudfront.net (CloudFront)'), (b'X-Amz-Cf-Pop', b'SIN2-P7'), (b'Alt-Svc', b'h3=":443"; ma=86400'), (b'X-Amz-Cf-Id', b'x3dGMM8fniKWcZDSaJp9sUhu2nj0Lc_kmcfamWutb6_w4iKIK2UJ7w=='), (b'Strict-Transport-Security', b'max-age=31536000')])
16:23:21 INFO    HTTP Request: GET https://huggingface.co/api/models/BAAI/bge-m3 "HTTP/1.1 200 OK"
16:23:21 DEBUG   receive_response_body.started request=<Request [b'GET']>
16:23:21 DEBUG   receive_response_body.complete
16:23:21 DEBUG   response_closed.started
16:23:21 DEBUG   response_closed.complete
16:23:21 DEBUG   send_request_headers.started request=<Request [b'HEAD']>
16:23:21 DEBUG   send_request_headers.complete
16:23:21 DEBUG   send_request_body.started request=<Request [b'HEAD']>
16:23:21 DEBUG   send_request_body.complete
16:23:21 DEBUG   receive_response_headers.started request=<Request [b'HEAD']>
16:23:21 DEBUG   receive_response_headers.complete return_value=(b'HTTP/1.1', 307, b'Temporary Redirect', [(b'Content-Type', b'text/plain; charset=utf-8'), (b'Content-Length', b'250'), (b'Connection', b'keep-alive'), (b'Date', b'Sat, 29 Aug 2026 08:23:21 GMT'), (b'Location', b'/api/resolve-cache/models/BAAI/bge-m3/5617a9f61b028005a4858fdac845db406aefb181/1_Pooling%2Fconfig.json?%2FBAAI%2Fbge-m3%2Fresolve%2Fmain%2F1_Pooling%2Fconfig.json=&etag=%229bd85925f325e25246d94c4918dc02ab98f2a1b7%22'), (b'X-Powered-By', b'huggingface-moon'), (b'X-Request-Id', b'Root=1-6a9296f9-09ef90da5399c5f976b6740a;cdbcf695-0544-4fa7-aa9f-f5d6285fc5a1'), (b'RateLimit', b'"resolvers";r=2980;t=63'), (b'RateLimit-Policy', b'"fixed window";"resolvers";q=3000;w=300'), (b'cross-origin-opener-policy', b'same-origin'), (b'Referrer-Policy', b'strict-origin-when-cross-origin'), (b'Access-Control-Max-Age', b'86400'), (b'Access-Control-Allow-Origin', b'https://huggingface.co'), (b'Vary', b'Origin, Accept'), (b'Access-Control-Expose-Headers', b'X-Repo-Commit,X-Request-Id,X-Error-Code,X-Error-Message,X-Total-Count,ETag,Link,Accept-Ranges,Content-Range,X-Linked-Size,X-Linked-ETag,X-Xet-Hash'), (b'X-Repo-Commit', b'5617a9f61b028005a4858fdac845db406aefb181'), (b'Accept-Ranges', b'bytes'), (b'X-Hub-Cache', b'HIT'), (b'Content-Disposition', b'inline; filename*=UTF-8\'\'config.json; filename="config.json";'), (b'Content-Security-Policy', b"default-src 'none'; sandbox"), (b'X-Linked-ETag', b'"9bd85925f325e25246d94c4918dc02ab98f2a1b7"'), (b'X-Cache', b'Miss from cloudfront'), (b'Via', b'1.1 7e99b7501d332edd3ad24dfb6f2ef80c.cloudfront.net (CloudFront)'), (b'X-Amz-Cf-Pop', b'SIN2-P7'), (b'Alt-Svc', b'h3=":443"; ma=86400'), (b'X-Amz-Cf-Id', b'iHJ7701yR_WizaWGr2FSp_KmMU9iXMtmWZCypfETQlowNLKb3M7Xjw=='), (b'Strict-Transport-Security', b'max-age=31536000')])
16:23:21 INFO    HTTP Request: HEAD https://huggingface.co/BAAI/bge-m3/resolve/main/1_Pooling/config.json "HTTP/1.1 307 Temporary Redirect"
16:23:21 DEBUG   receive_response_body.started request=<Request [b'HEAD']>
16:23:21 DEBUG   receive_response_body.complete
16:23:21 DEBUG   response_closed.started
16:23:21 DEBUG   response_closed.complete
16:23:21 DEBUG   close.started
16:23:21 DEBUG   close.complete
16:23:21 DEBUG   send_request_headers.started request=<Request [b'HEAD']>
16:23:21 DEBUG   send_request_headers.complete
16:23:21 DEBUG   send_request_body.started request=<Request [b'HEAD']>
16:23:21 DEBUG   send_request_body.complete
16:23:21 DEBUG   receive_response_headers.started request=<Request [b'HEAD']>
16:23:21 DEBUG   receive_response_headers.complete return_value=(b'HTTP/1.1', 200, b'OK', [(b'Content-Type', b'text/plain; charset=utf-8'), (b'Content-Length', b'191'), (b'Connection', b'keep-alive'), (b'Date', b'Fri, 19 Jun 2026 02:17:04 GMT'), (b'ETag', b'"9bd85925f325e25246d94c4918dc02ab98f2a1b7"'), (b'X-Powered-By', b'huggingface-moon'), (b'X-Request-Id', b'Root=1-6a34a6a0-21bfe7ae718f464642e3d70c'), (b'RateLimit', b'"resolvers";r=2996;t=132'), (b'RateLimit-Policy', b'"fixed window";"resolvers";q=3000;w=300'), (b'cross-origin-opener-policy', b'same-origin'), (b'Referrer-Policy', b'strict-origin-when-cross-origin'), (b'Access-Control-Max-Age', b'86400'), (b'Access-Control-Allow-Origin', b'https://huggingface.co'), (b'Access-Control-Expose-Headers', b'X-Repo-Commit,X-Request-Id,X-Error-Code,X-Error-Message,X-Total-Count,ETag,Link,Accept-Ranges,Content-Range,X-Linked-Size,X-Linked-ETag,X-Xet-Hash'), (b'X-Repo-Commit', b'5617a9f61b028005a4858fdac845db406aefb181'), (b'Accept-Ranges', b'bytes'), (b'Content-Disposition', b'inline; filename*=UTF-8\'\'config.json; filename="config.json";'), (b'Content-Security-Policy', b"default-src 'none'; sandbox"), (b'Vary', b'Origin'), (b'X-Cache', b'Hit from cloudfront'), (b'Via', b'1.1 7e99b7501d332edd3ad24dfb6f2ef80c.cloudfront.net (CloudFront)'), (b'X-Amz-Cf-Pop', b'SIN2-P7'), (b'Alt-Svc', b'h3=":443"; ma=86400'), (b'X-Amz-Cf-Id', b'H0mUXM-NEoThzJYoT7LfcoB1bi1ixTkefW9rmYd12tiUJao6gKkCgQ=='), (b'Age', b'6156377'), (b'Strict-Transport-Security', b'max-age=31536000')])
16:23:21 INFO    HTTP Request: HEAD https://huggingface.co/api/resolve-cache/models/BAAI/bge-m3/5617a9f61b028005a4858fdac845db406aefb181/1_Pooling%2Fconfig.json "HTTP/1.1 200 OK"
16:23:21 DEBUG   receive_response_body.started request=<Request [b'HEAD']>
16:23:21 DEBUG   receive_response_body.complete
16:23:21 DEBUG   response_closed.started
16:23:21 DEBUG   response_closed.complete
16:23:21 DEBUG   send_request_headers.started request=<Request [b'HEAD']>
16:23:21 DEBUG   send_request_headers.complete
16:23:21 DEBUG   send_request_body.started request=<Request [b'HEAD']>
16:23:21 DEBUG   send_request_body.complete
16:23:21 DEBUG   receive_response_headers.started request=<Request [b'HEAD']>
16:23:22 DEBUG   receive_response_headers.complete return_value=(b'HTTP/1.1', 404, b'Not Found', [(b'Content-Type', b'text/plain; charset=utf-8'), (b'Content-Length', b'15'), (b'Connection', b'keep-alive'), (b'Date', b'Sat, 29 Aug 2026 08:23:21 GMT'), (b'ETag', b'W/"f-mY2VvLxuxB7KhsoOdQTlMTccuAQ"'), (b'X-Powered-By', b'huggingface-moon'), (b'X-Request-Id', b'Root=1-6a9296f9-0bb9be7c33d85d076dca08f1;b377c8b5-9f56-454b-80bf-6fa78a710928'), (b'RateLimit', b'"resolvers";r=2979;t=63'), (b'RateLimit-Policy', b'"fixed window";"resolvers";q=3000;w=300'), (b'cross-origin-opener-policy', b'same-origin'), (b'Referrer-Policy', b'strict-origin-when-cross-origin'), (b'Access-Control-Max-Age', b'86400'), (b'Access-Control-Allow-Origin', b'https://huggingface.co'), (b'Vary', b'Origin'), (b'Access-Control-Expose-Headers', b'X-Repo-Commit,X-Request-Id,X-Error-Code,X-Error-Message,X-Total-Count,ETag,Link,Accept-Ranges,Content-Range,X-Linked-Size,X-Linked-ETag,X-Xet-Hash'), (b'X-Repo-Commit', b'5617a9f61b028005a4858fdac845db406aefb181'), (b'Accept-Ranges', b'bytes'), (b'X-HF-Warning', b'unauthenticated; Warning: You are sending unauthenticated requests to the HF Hub. Please set a HF_TOKEN to enable higher rate limits and faster downloads.'), (b'X-Hub-Cache', b'MISS'), (b'X-Error-Code', b'EntryNotFound'), (b'X-Error-Message', b'Entry not found'), (b'X-Cache', b'Error from cloudfront'), (b'Via', b'1.1 7e99b7501d332edd3ad24dfb6f2ef80c.cloudfront.net (CloudFront)'), (b'X-Amz-Cf-Pop', b'SIN2-P7'), (b'Alt-Svc', b'h3=":443"; ma=86400'), (b'X-Amz-Cf-Id', b'4-XntTs2zCZowAqs5sOLWXADoD01U4Y-i1X58glGPng91DUlAVlE-w=='), (b'Strict-Transport-Security', b'max-age=31536000')])
16:23:22 INFO    HTTP Request: HEAD https://huggingface.co/BAAI/bge-m3/resolve/main/2_Normalize/config.json "HTTP/1.1 404 Not Found"
16:23:22 DEBUG   receive_response_body.started request=<Request [b'HEAD']>
16:23:22 DEBUG   receive_response_body.complete
16:23:22 DEBUG   response_closed.started
16:23:22 DEBUG   response_closed.complete
16:23:22 DEBUG   send_request_headers.started request=<Request [b'GET']>
16:23:22 DEBUG   send_request_headers.complete
16:23:22 DEBUG   send_request_body.started request=<Request [b'GET']>
16:23:22 DEBUG   send_request_body.complete
16:23:22 DEBUG   receive_response_headers.started request=<Request [b'GET']>
16:23:22 DEBUG   receive_response_headers.complete return_value=(b'HTTP/1.1', 200, b'OK', [(b'Content-Type', b'application/json; charset=utf-8'), (b'Transfer-Encoding', b'chunked'), (b'Connection', b'keep-alive'), (b'Date', b'Sat, 29 Aug 2026 08:23:22 GMT'), (b'content-encoding', b'gzip'), (b'ETag', b'W/"14a9-z2m/IShexXMrLakRE1EpscuQGH8"'), (b'X-Powered-By', b'huggingface-moon'), (b'X-Request-Id', b'Root=1-6a9296fa-01c0ee193f1a215721e4d658;20f0ab7c-0f0d-4db8-a316-3c743bba0ce9'), (b'RateLimit', b'"api";r=492;t=62'), (b'RateLimit-Policy', b'"fixed window";"api";q=500;w=300'), (b'cross-origin-opener-policy', b'same-origin'), (b'Referrer-Policy', b'strict-origin-when-cross-origin'), (b'Access-Control-Max-Age', b'86400'), (b'Access-Control-Allow-Origin', b'https://huggingface.co'), (b'Vary', b'Origin'), (b'vary', b'Accept-Encoding'), (b'Access-Control-Expose-Headers', b'X-Repo-Commit,X-Request-Id,X-Error-Code,X-Error-Message,X-Total-Count,ETag,Link,Accept-Ranges,Content-Range,X-Linked-Size,X-Linked-ETag,X-Xet-Hash'), (b'X-Cache', b'Miss from cloudfront'), (b'Via', b'1.1 7e99b7501d332edd3ad24dfb6f2ef80c.cloudfront.net (CloudFront)'), (b'X-Amz-Cf-Pop', b'SIN2-P7'), (b'Alt-Svc', b'h3=":443"; ma=86400'), (b'X-Amz-Cf-Id', b'VWZhk3Pcdd_FvthXwQdLCr9_Cc4NrojtyOHUk0g34XVUFcNALBetBg=='), (b'Strict-Transport-Security', b'max-age=31536000')])
16:23:22 INFO    HTTP Request: GET https://huggingface.co/api/models/BAAI/bge-m3 "HTTP/1.1 200 OK"
16:23:22 DEBUG   receive_response_body.started request=<Request [b'GET']>
16:23:22 DEBUG   receive_response_body.complete
16:23:22 DEBUG   response_closed.started
16:23:22 DEBUG   response_closed.complete
16:23:24 INFO    [embed] model ready in 12.7s (dim=1024, max_seq_length=512)
16:30:17 DEBUG   close.started
16:30:17 DEBUG   close.complete
16:35:30 INFO    ==============================================================================
16:35:30 INFO    STAGE: embedding throughput benchmark
16:35:30 INFO    ==============================================================================
16:35:30 INFO    [embed] manifest: 600 documents, fingerprint=5d13ea96b85d6c27d58c7ee72dc95aae
16:35:30 INFO    [embed] initialised new embedding cache state at H:\work\mygithub\enterpriseAI-knowledge\kb_classifier_bootstrap\work\embeddings\state.json
16:35:30 INFO    [embed] 0/3 shards already complete (0/600 documents, 0.0%)
16:35:30 INFO    [embed] 3 shard(s) remaining (~600 documents)
16:35:45 INFO    [embed] loading BAAI/bge-m3 on cuda (fp16=True) ...
16:35:52 INFO    [embed] model ready in 7.1s (dim=1024, max_seq_length=512)
16:40:10 INFO    [embed] shard [0,200) 200 docs in 279.8s (0.7 docs/s) | total 200/600 (33.3%) | rate 0.7 docs/s | ETA 9.3 min
16:47:16 INFO    [embed] shard [200,400) 200 docs in 425.9s (0.5 docs/s) | total 400/600 (66.7%) | rate 0.6 docs/s | ETA 5.9 min
16:47:16 INFO    [embed] stopping: reached max_new_shards=2
16:47:16 INFO    [embed] pass finished: +400 docs in 705.7s (0.6 docs/s); cache 2/3 shards, complete=False
16:47:16 INFO    [embed] stopped early: 200 document(s) remain (~5.9 min at 0.6 docs/s). Re-run to continue.
16:47:16 INFO    ------------------------------------------------------------------------------
16:47:16 INFO    BENCHMARK RESULT
16:47:16 INFO      documents embedded this run : 400
16:47:16 INFO      wall clock                  : 705.7 s
16:47:16 INFO      throughput                  : 0.57 docs/s
16:47:16 INFO      batch_size / max_seq_length : 8 / 512
16:47:16 INFO      cache now holds             : 400 / 600 documents
16:47:16 INFO      projected time for current manifest     (    600 docs):   0.29 h
16:47:16 INFO      projected time for 30,000 sample        (  30000 docs):  14.70 h
16:47:16 INFO      projected time for 50,000 sample        (  50000 docs):  24.50 h
16:47:16 INFO      projected time for full 511,963 corpus  ( 511963 docs): 250.89 h
16:47:16 INFO    ------------------------------------------------------------------------------
20:34:37 INFO    ==============================================================================
20:34:37 INFO    STAGE: embed documents (resumable)
20:34:37 INFO    ==============================================================================
20:34:37 INFO    [embed] manifest: 600 documents, fingerprint=5d13ea96b85d6c27d58c7ee72dc95aae
20:34:37 INFO    [embed] resuming existing embedding cache (H:\work\mygithub\enterpriseAI-knowledge\kb_classifier_bootstrap\work\embeddings\state.json)
20:34:37 INFO    [embed] 2/3 shards already complete (400/600 documents, 66.7%)
20:34:37 INFO    [embed] 1 shard(s) remaining (~200 documents)
20:35:03 INFO    [embed] loading BAAI/bge-m3 on cuda (fp16=True) ...
20:35:04 WARNING Warning: You are sending unauthenticated requests to the HF Hub. Please set a HF_TOKEN to enable higher rate limits and faster downloads.
20:35:23 INFO    [embed] model ready in 20.1s (dim=1024, max_seq_length=512)
20:37:31 WARNING [embed] interrupted by user. Completed shards are safe on disk; re-run the same command to resume.
